Timestamp,Message,Committer,Added,Removed,File
1513491345," ""Document String assertions containsSequence breaking changes"""," ""Joel Costigliola""",8,2,src/main/java/org/assertj/core/api/AbstractCharSequenceAssert.java
1513488106," ""Fix javadoc errors"""," ""Joel Costigliola""",1,3,src/main/java/org/assertj/core/internal/Comparables.java
1513487325," ""Add noneMatch and anyMatch iterable and array assertionsFixes 1126"""," ""Jean-Noël Rouvignac""",13,0,src/main/java/org/assertj/core/api/AbstractIterableAssert.java
1513487325," ""Add noneMatch and anyMatch iterable and array assertionsFixes 1126"""," ""Jean-Noël Rouvignac""",12,0,src/main/java/org/assertj/core/internal/Iterables.java
1513473870," ""Merge remotetracking branch origin2x Conflicts	srcmainjavaorgassertjcoreapiAbstractIterableAssertjava	srcmainjavaorgassertjcoreapiAbstractObjectArrayAssertjava	srcmainjavaorgassertjcoreapiAbstractObjectAssertjava	srcmainjavaorgassertjcoreapiAssertionsjava	srcmainjavaorgassertjcoreapiJava6Assertionsjava	srcmainjavaorgassertjcoreapiSoftAssertionsjava	srcmainjavaorgassertjcoredataOffsetjava	srcmainjavaorgassertjcoreerrorShouldContainCharSequenceSequencejava	srcmainjavaorgassertjcoreinternalComparablesjava	srcmainjavaorgassertjcoreinternalConditionsjava	srcmainjavaorgassertjcoreinternalNumbersjava	srctestjavaorgassertjcoreapicharsequenceCharSequenceAssertcontainsSequenceTestjava	srctestjavaorgassertjcoreapiobjectObjectAssertextractingTestjava"""," ""Joel Costigliola""",226,63,src/main/java/org/assertj/core/api/AbstractCharSequenceAssert.java
1513473870," ""Merge remotetracking branch origin2x Conflicts	srcmainjavaorgassertjcoreapiAbstractIterableAssertjava	srcmainjavaorgassertjcoreapiAbstractObjectArrayAssertjava	srcmainjavaorgassertjcoreapiAbstractObjectAssertjava	srcmainjavaorgassertjcoreapiAssertionsjava	srcmainjavaorgassertjcoreapiJava6Assertionsjava	srcmainjavaorgassertjcoreapiSoftAssertionsjava	srcmainjavaorgassertjcoredataOffsetjava	srcmainjavaorgassertjcoreerrorShouldContainCharSequenceSequencejava	srcmainjavaorgassertjcoreinternalComparablesjava	srcmainjavaorgassertjcoreinternalConditionsjava	srcmainjavaorgassertjcoreinternalNumbersjava	srctestjavaorgassertjcoreapicharsequenceCharSequenceAssertcontainsSequenceTestjava	srctestjavaorgassertjcoreapiobjectObjectAssertextractingTestjava"""," ""Joel Costigliola""",99,31,src/main/java/org/assertj/core/api/AbstractIntegerAssert.java
1513473870," ""Merge remotetracking branch origin2x Conflicts	srcmainjavaorgassertjcoreapiAbstractIterableAssertjava	srcmainjavaorgassertjcoreapiAbstractObjectArrayAssertjava	srcmainjavaorgassertjcoreapiAbstractObjectAssertjava	srcmainjavaorgassertjcoreapiAssertionsjava	srcmainjavaorgassertjcoreapiJava6Assertionsjava	srcmainjavaorgassertjcoreapiSoftAssertionsjava	srcmainjavaorgassertjcoredataOffsetjava	srcmainjavaorgassertjcoreerrorShouldContainCharSequenceSequencejava	srcmainjavaorgassertjcoreinternalComparablesjava	srcmainjavaorgassertjcoreinternalConditionsjava	srcmainjavaorgassertjcoreinternalNumbersjava	srctestjavaorgassertjcoreapicharsequenceCharSequenceAssertcontainsSequenceTestjava	srctestjavaorgassertjcoreapiobjectObjectAssertextractingTestjava"""," ""Joel Costigliola""",5,4,src/main/java/org/assertj/core/api/AbstractIterableAssert.java
1513473870," ""Merge remotetracking branch origin2x Conflicts	srcmainjavaorgassertjcoreapiAbstractIterableAssertjava	srcmainjavaorgassertjcoreapiAbstractObjectArrayAssertjava	srcmainjavaorgassertjcoreapiAbstractObjectAssertjava	srcmainjavaorgassertjcoreapiAssertionsjava	srcmainjavaorgassertjcoreapiJava6Assertionsjava	srcmainjavaorgassertjcoreapiSoftAssertionsjava	srcmainjavaorgassertjcoredataOffsetjava	srcmainjavaorgassertjcoreerrorShouldContainCharSequenceSequencejava	srcmainjavaorgassertjcoreinternalComparablesjava	srcmainjavaorgassertjcoreinternalConditionsjava	srcmainjavaorgassertjcoreinternalNumbersjava	srctestjavaorgassertjcoreapicharsequenceCharSequenceAssertcontainsSequenceTestjava	srctestjavaorgassertjcoreapiobjectObjectAssertextractingTestjava"""," ""Joel Costigliola""",11,16,src/main/java/org/assertj/core/api/AbstractObjectAssert.java
1513473870," ""Merge remotetracking branch origin2x Conflicts	srcmainjavaorgassertjcoreapiAbstractIterableAssertjava	srcmainjavaorgassertjcoreapiAbstractObjectArrayAssertjava	srcmainjavaorgassertjcoreapiAbstractObjectAssertjava	srcmainjavaorgassertjcoreapiAssertionsjava	srcmainjavaorgassertjcoreapiJava6Assertionsjava	srcmainjavaorgassertjcoreapiSoftAssertionsjava	srcmainjavaorgassertjcoredataOffsetjava	srcmainjavaorgassertjcoreerrorShouldContainCharSequenceSequencejava	srcmainjavaorgassertjcoreinternalComparablesjava	srcmainjavaorgassertjcoreinternalConditionsjava	srcmainjavaorgassertjcoreinternalNumbersjava	srctestjavaorgassertjcoreapicharsequenceCharSequenceAssertcontainsSequenceTestjava	srctestjavaorgassertjcoreapiobjectObjectAssertextractingTestjava"""," ""Joel Costigliola""",41,41,src/main/java/org/assertj/core/api/Assertions.java
1513473870," ""Merge remotetracking branch origin2x Conflicts	srcmainjavaorgassertjcoreapiAbstractIterableAssertjava	srcmainjavaorgassertjcoreapiAbstractObjectArrayAssertjava	srcmainjavaorgassertjcoreapiAbstractObjectAssertjava	srcmainjavaorgassertjcoreapiAssertionsjava	srcmainjavaorgassertjcoreapiJava6Assertionsjava	srcmainjavaorgassertjcoreapiSoftAssertionsjava	srcmainjavaorgassertjcoredataOffsetjava	srcmainjavaorgassertjcoreerrorShouldContainCharSequenceSequencejava	srcmainjavaorgassertjcoreinternalComparablesjava	srcmainjavaorgassertjcoreinternalConditionsjava	srcmainjavaorgassertjcoreinternalNumbersjava	srctestjavaorgassertjcoreapicharsequenceCharSequenceAssertcontainsSequenceTestjava	srctestjavaorgassertjcoreapiobjectObjectAssertextractingTestjava"""," ""Joel Costigliola""",1,1,src/main/java/org/assertj/core/error/ShouldBeEqual.java
1513473870," ""Merge remotetracking branch origin2x Conflicts	srcmainjavaorgassertjcoreapiAbstractIterableAssertjava	srcmainjavaorgassertjcoreapiAbstractObjectArrayAssertjava	srcmainjavaorgassertjcoreapiAbstractObjectAssertjava	srcmainjavaorgassertjcoreapiAssertionsjava	srcmainjavaorgassertjcoreapiJava6Assertionsjava	srcmainjavaorgassertjcoreapiSoftAssertionsjava	srcmainjavaorgassertjcoredataOffsetjava	srcmainjavaorgassertjcoreerrorShouldContainCharSequenceSequencejava	srcmainjavaorgassertjcoreinternalComparablesjava	srcmainjavaorgassertjcoreinternalConditionsjava	srcmainjavaorgassertjcoreinternalNumbersjava	srctestjavaorgassertjcoreapicharsequenceCharSequenceAssertcontainsSequenceTestjava	srctestjavaorgassertjcoreapiobjectObjectAssertextractingTestjava"""," ""Joel Costigliola""",21,32,src/main/java/org/assertj/core/internal/AbstractComparisonStrategy.java
1513473870," ""Merge remotetracking branch origin2x Conflicts	srcmainjavaorgassertjcoreapiAbstractIterableAssertjava	srcmainjavaorgassertjcoreapiAbstractObjectArrayAssertjava	srcmainjavaorgassertjcoreapiAbstractObjectAssertjava	srcmainjavaorgassertjcoreapiAssertionsjava	srcmainjavaorgassertjcoreapiJava6Assertionsjava	srcmainjavaorgassertjcoreapiSoftAssertionsjava	srcmainjavaorgassertjcoredataOffsetjava	srcmainjavaorgassertjcoreerrorShouldContainCharSequenceSequencejava	srcmainjavaorgassertjcoreinternalComparablesjava	srcmainjavaorgassertjcoreinternalConditionsjava	srcmainjavaorgassertjcoreinternalNumbersjava	srctestjavaorgassertjcoreapicharsequenceCharSequenceAssertcontainsSequenceTestjava	srctestjavaorgassertjcoreapiobjectObjectAssertextractingTestjava"""," ""Joel Costigliola""",40,18,src/main/java/org/assertj/core/internal/Comparables.java
1513473870," ""Merge remotetracking branch origin2x Conflicts	srcmainjavaorgassertjcoreapiAbstractIterableAssertjava	srcmainjavaorgassertjcoreapiAbstractObjectArrayAssertjava	srcmainjavaorgassertjcoreapiAbstractObjectAssertjava	srcmainjavaorgassertjcoreapiAssertionsjava	srcmainjavaorgassertjcoreapiJava6Assertionsjava	srcmainjavaorgassertjcoreapiSoftAssertionsjava	srcmainjavaorgassertjcoredataOffsetjava	srcmainjavaorgassertjcoreerrorShouldContainCharSequenceSequencejava	srcmainjavaorgassertjcoreinternalComparablesjava	srcmainjavaorgassertjcoreinternalConditionsjava	srcmainjavaorgassertjcoreinternalNumbersjava	srctestjavaorgassertjcoreapicharsequenceCharSequenceAssertcontainsSequenceTestjava	srctestjavaorgassertjcoreapiobjectObjectAssertextractingTestjava"""," ""Joel Costigliola""",38,41,src/main/java/org/assertj/core/internal/ComparatorBasedComparisonStrategy.java
1513473870," ""Merge remotetracking branch origin2x Conflicts	srcmainjavaorgassertjcoreapiAbstractIterableAssertjava	srcmainjavaorgassertjcoreapiAbstractObjectArrayAssertjava	srcmainjavaorgassertjcoreapiAbstractObjectAssertjava	srcmainjavaorgassertjcoreapiAssertionsjava	srcmainjavaorgassertjcoreapiJava6Assertionsjava	srcmainjavaorgassertjcoreapiSoftAssertionsjava	srcmainjavaorgassertjcoredataOffsetjava	srcmainjavaorgassertjcoreerrorShouldContainCharSequenceSequencejava	srcmainjavaorgassertjcoreinternalComparablesjava	srcmainjavaorgassertjcoreinternalConditionsjava	srcmainjavaorgassertjcoreinternalNumbersjava	srctestjavaorgassertjcoreapicharsequenceCharSequenceAssertcontainsSequenceTestjava	srctestjavaorgassertjcoreapiobjectObjectAssertextractingTestjava"""," ""Joel Costigliola""",2,2,src/main/java/org/assertj/core/internal/Conditions.java
1513473870," ""Merge remotetracking branch origin2x Conflicts	srcmainjavaorgassertjcoreapiAbstractIterableAssertjava	srcmainjavaorgassertjcoreapiAbstractObjectArrayAssertjava	srcmainjavaorgassertjcoreapiAbstractObjectAssertjava	srcmainjavaorgassertjcoreapiAssertionsjava	srcmainjavaorgassertjcoreapiJava6Assertionsjava	srcmainjavaorgassertjcoreapiSoftAssertionsjava	srcmainjavaorgassertjcoredataOffsetjava	srcmainjavaorgassertjcoreerrorShouldContainCharSequenceSequencejava	srcmainjavaorgassertjcoreinternalComparablesjava	srcmainjavaorgassertjcoreinternalConditionsjava	srcmainjavaorgassertjcoreinternalNumbersjava	srctestjavaorgassertjcoreapicharsequenceCharSequenceAssertcontainsSequenceTestjava	srctestjavaorgassertjcoreapiobjectObjectAssertextractingTestjava"""," ""Joel Costigliola""",1,2,src/main/java/org/assertj/core/internal/Iterables.java
1513473870," ""Merge remotetracking branch origin2x Conflicts	srcmainjavaorgassertjcoreapiAbstractIterableAssertjava	srcmainjavaorgassertjcoreapiAbstractObjectArrayAssertjava	srcmainjavaorgassertjcoreapiAbstractObjectAssertjava	srcmainjavaorgassertjcoreapiAssertionsjava	srcmainjavaorgassertjcoreapiJava6Assertionsjava	srcmainjavaorgassertjcoreapiSoftAssertionsjava	srcmainjavaorgassertjcoredataOffsetjava	srcmainjavaorgassertjcoreerrorShouldContainCharSequenceSequencejava	srcmainjavaorgassertjcoreinternalComparablesjava	srcmainjavaorgassertjcoreinternalConditionsjava	srcmainjavaorgassertjcoreinternalNumbersjava	srctestjavaorgassertjcoreapicharsequenceCharSequenceAssertcontainsSequenceTestjava	srctestjavaorgassertjcoreapiobjectObjectAssertextractingTestjava"""," ""Joel Costigliola""",27,8,src/main/java/org/assertj/core/internal/Numbers.java
1513473870," ""Merge remotetracking branch origin2x Conflicts	srcmainjavaorgassertjcoreapiAbstractIterableAssertjava	srcmainjavaorgassertjcoreapiAbstractObjectArrayAssertjava	srcmainjavaorgassertjcoreapiAbstractObjectAssertjava	srcmainjavaorgassertjcoreapiAssertionsjava	srcmainjavaorgassertjcoreapiJava6Assertionsjava	srcmainjavaorgassertjcoreapiSoftAssertionsjava	srcmainjavaorgassertjcoredataOffsetjava	srcmainjavaorgassertjcoreerrorShouldContainCharSequenceSequencejava	srcmainjavaorgassertjcoreinternalComparablesjava	srcmainjavaorgassertjcoreinternalConditionsjava	srcmainjavaorgassertjcoreinternalNumbersjava	srctestjavaorgassertjcoreapicharsequenceCharSequenceAssertcontainsSequenceTestjava	srctestjavaorgassertjcoreapiobjectObjectAssertextractingTestjava"""," ""Joel Costigliola""",157,50,src/main/java/org/assertj/core/internal/Strings.java
1513473870," ""Merge remotetracking branch origin2x Conflicts	srcmainjavaorgassertjcoreapiAbstractIterableAssertjava	srcmainjavaorgassertjcoreapiAbstractObjectArrayAssertjava	srcmainjavaorgassertjcoreapiAbstractObjectAssertjava	srcmainjavaorgassertjcoreapiAssertionsjava	srcmainjavaorgassertjcoreapiJava6Assertionsjava	srcmainjavaorgassertjcoreapiSoftAssertionsjava	srcmainjavaorgassertjcoredataOffsetjava	srcmainjavaorgassertjcoreerrorShouldContainCharSequenceSequencejava	srcmainjavaorgassertjcoreinternalComparablesjava	srcmainjavaorgassertjcoreinternalConditionsjava	srcmainjavaorgassertjcoreinternalNumbersjava	srctestjavaorgassertjcoreapicharsequenceCharSequenceAssertcontainsSequenceTestjava	srctestjavaorgassertjcoreapiobjectObjectAssertextractingTestjava"""," ""Joel Costigliola""",43,5,src/main/java/org/assertj/core/internal/TypeComparators.java
1513473870," ""Merge remotetracking branch origin2x Conflicts	srcmainjavaorgassertjcoreapiAbstractIterableAssertjava	srcmainjavaorgassertjcoreapiAbstractObjectArrayAssertjava	srcmainjavaorgassertjcoreapiAbstractObjectAssertjava	srcmainjavaorgassertjcoreapiAssertionsjava	srcmainjavaorgassertjcoreapiJava6Assertionsjava	srcmainjavaorgassertjcoreapiSoftAssertionsjava	srcmainjavaorgassertjcoredataOffsetjava	srcmainjavaorgassertjcoreerrorShouldContainCharSequenceSequencejava	srcmainjavaorgassertjcoreinternalComparablesjava	srcmainjavaorgassertjcoreinternalConditionsjava	srcmainjavaorgassertjcoreinternalNumbersjava	srctestjavaorgassertjcoreapicharsequenceCharSequenceAssertcontainsSequenceTestjava	srctestjavaorgassertjcoreapiobjectObjectAssertextractingTestjava"""," ""Joel Costigliola""",3,3,src/main/java/org/assertj/core/presentation/StandardRepresentation.java
1513473870," ""Merge remotetracking branch origin2x Conflicts	srcmainjavaorgassertjcoreapiAbstractIterableAssertjava	srcmainjavaorgassertjcoreapiAbstractObjectArrayAssertjava	srcmainjavaorgassertjcoreapiAbstractObjectAssertjava	srcmainjavaorgassertjcoreapiAssertionsjava	srcmainjavaorgassertjcoreapiJava6Assertionsjava	srcmainjavaorgassertjcoreapiSoftAssertionsjava	srcmainjavaorgassertjcoredataOffsetjava	srcmainjavaorgassertjcoreerrorShouldContainCharSequenceSequencejava	srcmainjavaorgassertjcoreinternalComparablesjava	srcmainjavaorgassertjcoreinternalConditionsjava	srcmainjavaorgassertjcoreinternalNumbersjava	srctestjavaorgassertjcoreapicharsequenceCharSequenceAssertcontainsSequenceTestjava	srctestjavaorgassertjcoreapiobjectObjectAssertextractingTestjava"""," ""Joel Costigliola""",30,0,src/main/java/org/assertj/core/util/Arrays.java
1513473870," ""Merge remotetracking branch origin2x Conflicts	srcmainjavaorgassertjcoreapiAbstractIterableAssertjava	srcmainjavaorgassertjcoreapiAbstractObjectArrayAssertjava	srcmainjavaorgassertjcoreapiAbstractObjectAssertjava	srcmainjavaorgassertjcoreapiAssertionsjava	srcmainjavaorgassertjcoreapiJava6Assertionsjava	srcmainjavaorgassertjcoreapiSoftAssertionsjava	srcmainjavaorgassertjcoredataOffsetjava	srcmainjavaorgassertjcoreerrorShouldContainCharSequenceSequencejava	srcmainjavaorgassertjcoreinternalComparablesjava	srcmainjavaorgassertjcoreinternalConditionsjava	srcmainjavaorgassertjcoreinternalNumbersjava	srctestjavaorgassertjcoreapicharsequenceCharSequenceAssertcontainsSequenceTestjava	srctestjavaorgassertjcoreapiobjectObjectAssertextractingTestjava"""," ""Joel Costigliola""",1,1,src/main/java/org/assertj/core/util/IterableUtil.java
1513473870," ""Merge remotetracking branch origin2x Conflicts	srcmainjavaorgassertjcoreapiAbstractIterableAssertjava	srcmainjavaorgassertjcoreapiAbstractObjectArrayAssertjava	srcmainjavaorgassertjcoreapiAbstractObjectAssertjava	srcmainjavaorgassertjcoreapiAssertionsjava	srcmainjavaorgassertjcoreapiJava6Assertionsjava	srcmainjavaorgassertjcoreapiSoftAssertionsjava	srcmainjavaorgassertjcoredataOffsetjava	srcmainjavaorgassertjcoreerrorShouldContainCharSequenceSequencejava	srcmainjavaorgassertjcoreinternalComparablesjava	srcmainjavaorgassertjcoreinternalConditionsjava	srcmainjavaorgassertjcoreinternalNumbersjava	srctestjavaorgassertjcoreapicharsequenceCharSequenceAssertcontainsSequenceTestjava	srctestjavaorgassertjcoreapiobjectObjectAssertextractingTestjava"""," ""Joel Costigliola""",1,1,src/test/java/org/assertj/core/error/ShouldNotHaveDuplicates_create_Test.java
1513473870," ""Merge remotetracking branch origin2x Conflicts	srcmainjavaorgassertjcoreapiAbstractIterableAssertjava	srcmainjavaorgassertjcoreapiAbstractObjectArrayAssertjava	srcmainjavaorgassertjcoreapiAbstractObjectAssertjava	srcmainjavaorgassertjcoreapiAssertionsjava	srcmainjavaorgassertjcoreapiJava6Assertionsjava	srcmainjavaorgassertjcoreapiSoftAssertionsjava	srcmainjavaorgassertjcoredataOffsetjava	srcmainjavaorgassertjcoreerrorShouldContainCharSequenceSequencejava	srcmainjavaorgassertjcoreinternalComparablesjava	srcmainjavaorgassertjcoreinternalConditionsjava	srcmainjavaorgassertjcoreinternalNumbersjava	srctestjavaorgassertjcoreapicharsequenceCharSequenceAssertcontainsSequenceTestjava	srctestjavaorgassertjcoreapiobjectObjectAssertextractingTestjava"""," ""Joel Costigliola""",3,2,src/test/java/org/assertj/core/internal/TypeComparators_Test.java
1513473870," ""Merge remotetracking branch origin2x Conflicts	srcmainjavaorgassertjcoreapiAbstractIterableAssertjava	srcmainjavaorgassertjcoreapiAbstractObjectArrayAssertjava	srcmainjavaorgassertjcoreapiAbstractObjectAssertjava	srcmainjavaorgassertjcoreapiAssertionsjava	srcmainjavaorgassertjcoreapiJava6Assertionsjava	srcmainjavaorgassertjcoreapiSoftAssertionsjava	srcmainjavaorgassertjcoredataOffsetjava	srcmainjavaorgassertjcoreerrorShouldContainCharSequenceSequencejava	srcmainjavaorgassertjcoreinternalComparablesjava	srcmainjavaorgassertjcoreinternalConditionsjava	srcmainjavaorgassertjcoreinternalNumbersjava	srctestjavaorgassertjcoreapicharsequenceCharSequenceAssertcontainsSequenceTestjava	srctestjavaorgassertjcoreapiobjectObjectAssertextractingTestjava"""," ""Joel Costigliola""",4,4,src/test/java/org/assertj/core/presentation/StandardRepresentation_toStringOf_Test.java
1513072196," ""1117 fix not appropriate isBetween and isStrictlyBetween javadoc1117 fix not appropriate isBetween and isStrictlyBetween javadoc1117 fix not appropriate isBetween and isStrictlyBetween javadoc1117 fix not appropriate isBetween and isStrictlyBetween javadoc1117 fix not appropriate isBetween and isStrictlyBetween javadoc1117 fix not appropriate isBetween and isStrictlyBetween javadoc1117 fix not appropriate isBetween and isStrictlyBetween javadoc1117 fix not appropriate isBetween and isStrictlyBetween javadoc1117 fix not appropriate isBetween and isStrictlyBetween javadoc1117 fix not appropriate isBetween and isStrictlyBetween javadoc1117 fix not appropriate isBetween and isStrictlyBetween javadoc1117 fix not appropriate isBetween and isStrictlyBetween javadoc1117 fix not appropriate isBetween and isStrictlyBetween javadoc1117 fix not appropriate isBetween and isStrictlyBetween javadoc1117 fix not appropriate isBetween and isStrictlyBetween javadoc1117 fix not appropriate isBetween and isStrictlyBetween javadoc1117 fix not appropriate isBetween and isStrictlyBetween javadoc1117 fix not appropriate isBetween and isStrictlyBetween javadoc1117 fix not appropriate isBetween and isStrictlyBetween javadoc1117 fix not appropriate isBetween and isStrictlyBetween javadoc1117 fix not appropriate isBetween and isStrictlyBetween javadoc1117 fix not appropriate isBetween and isStrictlyBetween javadoc1117 fix not appropriate isBetween and isStrictlyBetween javadoc1117 fix not appropriate isBetween and isStrictlyBetween javadoc1117 fix not appropriate isBetween and isStrictlyBetween javadoc1117 fix not appropriate isBetween and isStrictlyBetween javadoc1117 fix not appropriate isBetween and isStrictlyBetween javadoc1117 fix not appropriate isBetween and isStrictlyBetween javadoc1117 fix not appropriate isBetween and isStrictlyBetween javadoc1117 fix not appropriate isBetween and isStrictlyBetween javadoc1117 fix not appropriate isBetween and isStrictlyBetween javadoc1117 fix not appropriate isBetween and isStrictlyBetween javadoc1117 fix not appropriate isBetween and isStrictlyBetween javadoc1117 fix not appropriate isBetween and isStrictlyBetween javadoc1117 fix not appropriate isBetween and isStrictlyBetween javadoc1117 fix not appropriate isBetween and isStrictlyBetween javadoc1117 fix not appropriate isBetween and isStrictlyBetween javadoc1117 fix not appropriate isBetween and isStrictlyBetween javadoc1117 fix not appropriate isBetween and isStrictlyBetween javadoc1117 fix not appropriate isBetween and isStrictlyBetween javadoc1117 fix not appropriate isBetween and isStrictlyBetween javadoc1117 fix not appropriate isBetween and isStrictlyBetween javadoc1117 fix not appropriate isBetween and isStrictlyBetween javadoc1117 fix not appropriate isBetween and isStrictlyBetween javadoc1117 fix not appropriate isBetween and isStrictlyBetween javadoc1117 fix not appropriate isBetween and isStrictlyBetween javadoc1117 fix not appropriate isBetween and isStrictlyBetween javadoc1117 fix not appropriate isBetween and isStrictlyBetween javadoc1117 fix not appropriate isBetween and isStrictlyBetween javadoc1117 fix not appropriate isBetween and isStrictlyBetween javadoc1117 fix not appropriate isBetween and isStrictlyBetween javadoc1117 fix not appropriate isBetween and isStrictlyBetween javadoc1117 fix not appropriate isBetween and isStrictlyBetween javadoc1117 fix not appropriate isBetween and isStrictlyBetween javadoc1117 fix not appropriate isBetween and isStrictlyBetween javadoc1117 fix not appropriate isBetween and isStrictlyBetween javadoc1117 fix not appropriate isBetween and isStrictlyBetween javadoc1117 fix not appropriate isBetween and isStrictlyBetween javadoc1117 fix not appropriate isBetween and isStrictlyBetween javadoc1117 fix not appropriate isBetween and isStrictlyBetween javadoc1117 fix not appropriate isBetween and isStrictlyBetween javadoc1117 fix not appropriate isBetween and isStrictlyBetween javadoc1117 fix not appropriate isBetween and isStrictlyBetween javadoc1117 fix not appropriate isBetween and isStrictlyBetween javadoc1117 fix not appropriate isBetween and isStrictlyBetween javadoc1117 fix not appropriate isBetween and isStrictlyBetween javadoc1117 fix not appropriate isBetween and isStrictlyBetween javadoc1117 fix not appropriate isBetween and isStrictlyBetween javadoc1117 fix not appropriate isBetween and isStrictlyBetween javadoc1117 fix not appropriate isBetween and isStrictlyBetween javadoc1117 fix not appropriate isBetween and isStrictlyBetween javadoc1117 fix not appropriate isBetween and isStrictlyBetween javadoc1117 fix not appropriate isBetween and isStrictlyBetween javadoc1117 fix not appropriate isBetween and isStrictlyBetween javadoc1117 fix not appropriate isBetween and isStrictlyBetween javadoc1117 fix not appropriate isBetween and isStrictlyBetween javadoc1117 fix not appropriate isBetween and isStrictlyBetween javadoc1117 fix not appropriate isBetween and isStrictlyBetween javadoc1117 fix not appropriate isBetween and isStrictlyBetween javadoc1117 fix not appropriate isBetween and isStrictlyBetween javadoc1117 fix not appropriate isBetween and isStrictlyBetween javadoc1117 fix not appropriate isBetween and isStrictlyBetween javadoc1117 fix not appropriate isBetween and isStrictlyBetween javadoc1117 fix not appropriate isBetween and isStrictlyBetween javadoc1117 fix not appropriate isBetween and isStrictlyBetween javadoc1117 fix not appropriate isBetween and isStrictlyBetween javadoc1117 fix not appropriate isBetween and isStrictlyBetween javadoc1117 fix not appropriate isBetween and isStrictlyBetween javadoc1117 fix not appropriate isBetween and isStrictlyBetween javadoc1117 fix not appropriate isBetween and isStrictlyBetween javadoc1117 fix not appropriate isBetween and isStrictlyBetween javadoc1117 fix not appropriate isBetween and isStrictlyBetween javadoc1117 fix not appropriate isBetween and isStrictlyBetween javadoc1117 fix not appropriate isBetween and isStrictlyBetween javadoc1117 fix not appropriate isBetween and isStrictlyBetween javadoc1117 fix not appropriate isBetween and isStrictlyBetween javadoc1117 fix not appropriate isBetween and isStrictlyBetween javadoc1117 fix not appropriate isBetween and isStrictlyBetween javadoc1117 fix not appropriate isBetween and isStrictlyBetween javadoc1117 fix not appropriate isBetween and isStrictlyBetween javadoc1117 fix not appropriate isBetween and isStrictlyBetween javadoc1117 fix not appropriate isBetween and isStrictlyBetween javadoc1117 fix not appropriate isBetween and isStrictlyBetween javadoc1117 fix not appropriate isBetween and isStrictlyBetween javadoc1117 fix not appropriate isBetween and isStrictlyBetween javadoc1117 fix not appropriate isBetween and isStrictlyBetween javadoc1117 fix not appropriate isBetween and isStrictlyBetween javadoc1117 fix not appropriate isBetween and isStrictlyBetween javadoc1117 fix not appropriate isBetween and isStrictlyBetween javadoc1117 fix not appropriate isBetween and isStrictlyBetween javadoc1117 fix not appropriate isBetween and isStrictlyBetween javadoc 1125"""," ""Chris Arnott""",22,2,src/main/java/org/assertj/core/api/AbstractIntegerAssert.java
1513071875," ""Add zipSatisfy assertion to verify some requirements on pairs built from two group of objectsFixes 1022"""," ""Joel Costigliola""",34,0,src/main/java/org/assertj/core/api/AbstractIterableAssert.java
1513071875," ""Add zipSatisfy assertion to verify some requirements on pairs built from two group of objectsFixes 1022"""," ""Joel Costigliola""",24,0,src/main/java/org/assertj/core/internal/Iterables.java
1512551418," ""Minor improvements"""," ""Joel Costigliola""",3,1,src/main/java/org/assertj/core/api/Assertions.java
1512551418," ""Minor improvements"""," ""Joel Costigliola""",3,1,src/main/java/org/assertj/core/api/AssertionsForClassTypes.java
1512378199," ""Add a factory method to return CompletableFuture assertion from a CompletionStage"""," ""Thibault Kruse""",16,0,src/main/java/org/assertj/core/api/Assertions.java
1512378199," ""Add a factory method to return CompletableFuture assertion from a CompletionStage"""," ""Thibault Kruse""",16,0,src/main/java/org/assertj/core/api/AssertionsForClassTypes.java
1512293474," ""Add catchThrowableOfType assertion to do typesafe downcast"""," ""Fr Jeremy Krieg""",42,1,src/main/java/org/assertj/core/api/Assertions.java
1512293474," ""Add catchThrowableOfType assertion to do typesafe downcast"""," ""Fr Jeremy Krieg""",43,3,src/main/java/org/assertj/core/api/AssertionsForClassTypes.java
1512256497," ""Allow to set a description in assertThatThrownByFixes 763"""," ""Joel Costigliola""",37,0,src/main/java/org/assertj/core/api/Assertions.java
1512256497," ""Allow to set a description in assertThatThrownByFixes 763"""," ""Joel Costigliola""",59,12,src/main/java/org/assertj/core/api/AssertionsForClassTypes.java
1512182078," ""Breaking change do not check actual or expected for null before applying a custom comparator as the comparator might consider null to be equals to some special value like blank String and nullFixes 1121"""," ""Joel Costigliola""",21,32,src/main/java/org/assertj/core/internal/AbstractComparisonStrategy.java
1512182078," ""Breaking change do not check actual or expected for null before applying a custom comparator as the comparator might consider null to be equals to some special value like blank String and nullFixes 1121"""," ""Joel Costigliola""",38,41,src/main/java/org/assertj/core/internal/ComparatorBasedComparisonStrategy.java
1512106434," ""Use a TreeMap for default comparators by fieldproperty to have reliable ordering when displaying used comparators"""," ""Joel Costigliola""",2,2,src/main/java/org/assertj/core/api/AbstractIterableAssert.java
1512106434," ""Use a TreeMap for default comparators by fieldproperty to have reliable ordering when displaying used comparators"""," ""Joel Costigliola""",2,2,src/main/java/org/assertj/core/api/AbstractObjectAssert.java
1512033635," ""Fix isEqualTo typo 1124Remove a source of confusion when reading the docs"""," ""Pontus Alexander""",2,2,src/main/java/org/assertj/core/api/AbstractObjectAssert.java
1512033512," ""Use default DoubleComparator and FloatComparator comparing numbers with respective precision of 1e15 and 1e6f for element by element comparisonThe same strategy was already used in Object field by field comparison and in RecursiveFieldByFieldComparatorBetter description of used comparators in error messages"""," ""Joel Costigliola""",3,2,src/main/java/org/assertj/core/api/AbstractIterableAssert.java
1512033512," ""Use default DoubleComparator and FloatComparator comparing numbers with respective precision of 1e15 and 1e6f for element by element comparisonThe same strategy was already used in Object field by field comparison and in RecursiveFieldByFieldComparatorBetter description of used comparators in error messages"""," ""Joel Costigliola""",1,12,src/main/java/org/assertj/core/api/AbstractObjectAssert.java
1512033512," ""Use default DoubleComparator and FloatComparator comparing numbers with respective precision of 1e15 and 1e6f for element by element comparisonThe same strategy was already used in Object field by field comparison and in RecursiveFieldByFieldComparatorBetter description of used comparators in error messages"""," ""Joel Costigliola""",1,1,src/main/java/org/assertj/core/error/ShouldBeEqual.java
1512033512," ""Use default DoubleComparator and FloatComparator comparing numbers with respective precision of 1e15 and 1e6f for element by element comparisonThe same strategy was already used in Object field by field comparison and in RecursiveFieldByFieldComparatorBetter description of used comparators in error messages"""," ""Joel Costigliola""",43,5,src/main/java/org/assertj/core/internal/TypeComparators.java
1512033512," ""Use default DoubleComparator and FloatComparator comparing numbers with respective precision of 1e15 and 1e6f for element by element comparisonThe same strategy was already used in Object field by field comparison and in RecursiveFieldByFieldComparatorBetter description of used comparators in error messages"""," ""Joel Costigliola""",3,3,src/main/java/org/assertj/core/presentation/StandardRepresentation.java
1512033512," ""Use default DoubleComparator and FloatComparator comparing numbers with respective precision of 1e15 and 1e6f for element by element comparisonThe same strategy was already used in Object field by field comparison and in RecursiveFieldByFieldComparatorBetter description of used comparators in error messages"""," ""Joel Costigliola""",1,1,src/test/java/org/assertj/core/error/ShouldNotHaveDuplicates_create_Test.java
1512033512," ""Use default DoubleComparator and FloatComparator comparing numbers with respective precision of 1e15 and 1e6f for element by element comparisonThe same strategy was already used in Object field by field comparison and in RecursiveFieldByFieldComparatorBetter description of used comparators in error messages"""," ""Joel Costigliola""",3,2,src/test/java/org/assertj/core/internal/TypeComparators_Test.java
1512033512," ""Use default DoubleComparator and FloatComparator comparing numbers with respective precision of 1e15 and 1e6f for element by element comparisonThe same strategy was already used in Object field by field comparison and in RecursiveFieldByFieldComparatorBetter description of used comparators in error messages"""," ""Joel Costigliola""",4,4,src/test/java/org/assertj/core/presentation/StandardRepresentation_toStringOf_Test.java
1510995233," ""Breaking change assertThatxisCloseToy byLessThandelta is strict and fails when xydelta"""," ""Joel Costigliola""",77,29,src/main/java/org/assertj/core/api/AbstractIntegerAssert.java
1510995233," ""Breaking change assertThatxisCloseToy byLessThandelta is strict and fails when xydelta"""," ""Joel Costigliola""",33,25,src/main/java/org/assertj/core/api/Assertions.java
1510995233," ""Breaking change assertThatxisCloseToy byLessThandelta is strict and fails when xydelta"""," ""Joel Costigliola""",29,8,src/main/java/org/assertj/core/internal/Numbers.java
1509876022," ""Improve the method doesNotContain in CharSequenceAssert for accepting varargs"""," ""BillyYccc""",36,11,src/main/java/org/assertj/core/api/AbstractCharSequenceAssert.java
1509876022," ""Improve the method doesNotContain in CharSequenceAssert for accepting varargs"""," ""BillyYccc""",19,11,src/main/java/org/assertj/core/internal/Strings.java
1509859726," ""1069 Update isBlank and add containsOnlyWhitespace"""," ""Chris Arnott""",83,25,src/main/java/org/assertj/core/api/AbstractCharSequenceAssert.java
1509859726," ""1069 Update isBlank and add containsOnlyWhitespace"""," ""Chris Arnott""",42,22,src/main/java/org/assertj/core/internal/Strings.java
1508948809," ""AbstractCharSequenceAssertcontainsOnlyDigits minimal improvement of javadoc"""," ""Pascal Schumacher""",1,1,src/main/java/org/assertj/core/api/AbstractCharSequenceAssert.java
1508663217," ""Dont share Comparables instances"""," ""Joel Costigliola""",44,23,src/main/java/org/assertj/core/internal/Comparables.java
1508651020," ""Clarify assertThatThrownBy and assertThatCode javadoc fixes 1088"""," ""Joel Costigliola""",9,8,src/main/java/org/assertj/core/api/Assertions.java
1508647671," ""Fix bug in containsSubsequence"""," ""Joel Costigliola""",8,6,src/main/java/org/assertj/core/api/AbstractCharSequenceAssert.java
1508647671," ""Fix bug in containsSubsequence"""," ""Joel Costigliola""",18,12,src/main/java/org/assertj/core/internal/Strings.java
1508577391," ""Add containsSubsequence String assertion breaking change containsSequence assertion to behave like the Iterables one and fail if actual has values between given sequence"""," ""BillyYccc""",76,25,src/main/java/org/assertj/core/api/AbstractCharSequenceAssert.java
1508577391," ""Add containsSubsequence String assertion breaking change containsSequence assertion to behave like the Iterables one and fail if actual has values between given sequence"""," ""BillyYccc""",70,15,src/main/java/org/assertj/core/internal/Strings.java
1508564234," ""flatExtracting for map extends flattening to arrays or any kind of iterable map values"""," ""Joel Costigliola""",2,20,src/main/java/org/assertj/core/api/AbstractObjectAssert.java
1508564234," ""flatExtracting for map extends flattening to arrays or any kind of iterable map values"""," ""Joel Costigliola""",1,1,src/main/java/org/assertj/core/util/IterableUtil.java
1508563873," ""Add ArraysasList and asObjectArray to get any array values as a List or Object"""," ""Joel Costigliola""",30,0,src/main/java/org/assertj/core/util/Arrays.java
1508563873," ""Add flatExtracting for map 1034"""," ""dafenix""",23,0,src/main/java/org/assertj/core/api/AbstractObjectAssert.java
1508353021," ""fix java 9 javadoc errors by removing duplicated param and return tags"""," ""Pascal Schumacher""",0,1,src/main/java/org/assertj/core/internal/Conditions.java
1508352152," ""fix javadoc warnings"""," ""Pascal Schumacher""",2,0,src/main/java/org/assertj/core/internal/Conditions.java
1508145873," ""Add isEqualToIgnoringNewLines CharSequence assertion"""," ""dafenix""",27,0,src/main/java/org/assertj/core/api/AbstractCharSequenceAssert.java
1508145873," ""Add isEqualToIgnoringNewLines CharSequence assertion"""," ""dafenix""",18,0,src/main/java/org/assertj/core/internal/Strings.java
1508028780," ""Javadoc improvements"""," ""Joel Costigliola""",3,2,src/main/java/org/assertj/core/api/AbstractObjectAssert.java
1508028780," ""Javadoc improvements"""," ""Joel Costigliola""",3,2,src/main/java/org/assertj/core/api/Assertions.java
1508028780," ""Javadoc improvements"""," ""Joel Costigliola""",2,3,src/main/java/org/assertj/core/internal/Iterables.java
1508026422," ""Fix Javadoc for recent version of JDK 8 few formatting improvements"""," ""Joel Costigliola""",4,4,src/main/java/org/assertj/core/api/AbstractAssert.java
1508026422," ""Fix Javadoc for recent version of JDK 8 few formatting improvements"""," ""Joel Costigliola""",35,21,src/main/java/org/assertj/core/api/AbstractIterableAssert.java
1508026422," ""Fix Javadoc for recent version of JDK 8 few formatting improvements"""," ""Joel Costigliola""",3,2,src/main/java/org/assertj/core/api/AbstractObjectAssert.java
1508026422," ""Fix Javadoc for recent version of JDK 8 few formatting improvements"""," ""Joel Costigliola""",162,44,src/main/java/org/assertj/core/api/Assertions.java
1508026422," ""Fix Javadoc for recent version of JDK 8 few formatting improvements"""," ""Joel Costigliola""",143,51,src/main/java/org/assertj/core/api/AssertionsForClassTypes.java
1508026422," ""Fix Javadoc for recent version of JDK 8 few formatting improvements"""," ""Joel Costigliola""",14,3,src/main/java/org/assertj/core/api/AssertionsForInterfaceTypes.java
1508026422," ""Fix Javadoc for recent version of JDK 8 few formatting improvements"""," ""Joel Costigliola""",2,2,src/main/java/org/assertj/core/api/Condition.java
1508026422," ""Fix Javadoc for recent version of JDK 8 few formatting improvements"""," ""Joel Costigliola""",1,0,src/main/java/org/assertj/core/condition/AnyOf.java
1508026422," ""Fix Javadoc for recent version of JDK 8 few formatting improvements"""," ""Joel Costigliola""",1,0,src/main/java/org/assertj/core/description/TextDescription.java
1508026422," ""Fix Javadoc for recent version of JDK 8 few formatting improvements"""," ""Joel Costigliola""",1,0,src/main/java/org/assertj/core/error/MessageFormatter.java
1508026422," ""Fix Javadoc for recent version of JDK 8 few formatting improvements"""," ""Joel Costigliola""",4,1,src/main/java/org/assertj/core/error/ShouldBeBetween.java
1508026422," ""Fix Javadoc for recent version of JDK 8 few formatting improvements"""," ""Joel Costigliola""",3,1,src/main/java/org/assertj/core/error/ShouldBeEqual.java
1508026422," ""Fix Javadoc for recent version of JDK 8 few formatting improvements"""," ""Joel Costigliola""",10,0,src/main/java/org/assertj/core/extractor/Extractors.java
1508026422," ""Fix Javadoc for recent version of JDK 8 few formatting improvements"""," ""Joel Costigliola""",11,2,src/main/java/org/assertj/core/groups/FieldsOrPropertiesExtractor.java
1508026422," ""Fix Javadoc for recent version of JDK 8 few formatting improvements"""," ""Joel Costigliola""",3,0,src/main/java/org/assertj/core/groups/Properties.java
1508026422," ""Fix Javadoc for recent version of JDK 8 few formatting improvements"""," ""Joel Costigliola""",8,6,src/main/java/org/assertj/core/internal/Comparables.java
1508026422," ""Fix Javadoc for recent version of JDK 8 few formatting improvements"""," ""Joel Costigliola""",3,1,src/main/java/org/assertj/core/internal/Conditions.java
1508026422," ""Fix Javadoc for recent version of JDK 8 few formatting improvements"""," ""Joel Costigliola""",4,1,src/main/java/org/assertj/core/internal/Failures.java
1508026422," ""Fix Javadoc for recent version of JDK 8 few formatting improvements"""," ""Joel Costigliola""",35,0,src/main/java/org/assertj/core/internal/Iterables.java
1508026422," ""Fix Javadoc for recent version of JDK 8 few formatting improvements"""," ""Joel Costigliola""",4,0,src/main/java/org/assertj/core/internal/Numbers.java
1508026422," ""Fix Javadoc for recent version of JDK 8 few formatting improvements"""," ""Joel Costigliola""",16,0,src/main/java/org/assertj/core/internal/Objects.java
1508026422," ""Fix Javadoc for recent version of JDK 8 few formatting improvements"""," ""Joel Costigliola""",8,4,src/main/java/org/assertj/core/presentation/StandardRepresentation.java
1508026422," ""Fix Javadoc for recent version of JDK 8 few formatting improvements"""," ""Joel Costigliola""",1,0,src/main/java/org/assertj/core/util/Arrays.java
1508026422," ""Fix Javadoc for recent version of JDK 8 few formatting improvements"""," ""Joel Costigliola""",6,2,src/main/java/org/assertj/core/util/DateUtil.java
1508026422," ""Fix Javadoc for recent version of JDK 8 few formatting improvements"""," ""Joel Costigliola""",1,0,src/main/java/org/assertj/core/util/Lists.java
1508026422," ""Fix Javadoc for recent version of JDK 8 few formatting improvements"""," ""Joel Costigliola""",4,0,src/main/java/org/assertj/core/util/Preconditions.java
1508026422," ""Fix Javadoc for recent version of JDK 8 few formatting improvements"""," ""Joel Costigliola""",2,1,src/main/java/org/assertj/core/util/Strings.java
1508026422," ""Fix Javadoc for recent version of JDK 8 few formatting improvements"""," ""Joel Costigliola""",63,62,src/main/java/org/assertj/core/util/introspection/FieldSupport.java
1508026422," ""Fix Javadoc for recent version of JDK 8 few formatting improvements"""," ""Joel Costigliola""",18,4,src/main/java/org/assertj/core/util/introspection/PropertySupport.java
1507624011," ""Merge remotetracking branch origin2x Conflicts	travisyml	pomxml	srcmainjavaorgassertjcoreapiAbstractIterableAssertjava	srcmainjavaorgassertjcoreapiAbstractObjectArrayAssertjava	srcmainjavaorgassertjcoreapiAssertionsjava	srcmainjavaorgassertjcoreapiAssumptionsjava	srcmainjavaorgassertjcoreapiListAssertjava	srcmainjavaorgassertjcoreapiObjectEnumerableAssertjava	srcmainjavaorgassertjcoreinternalArraysjava	srcmainjavaorgassertjcoreinternalObjectArraysjava	srctestjavaorgassertjcoreapiobjectarrayObjectArrayAssertendsWithTestjava"""," ""Joel Costigliola""",7,0,src/main/java/org/assertj/core/api/AbstractAssert.java
1507624011," ""Merge remotetracking branch origin2x Conflicts	travisyml	pomxml	srcmainjavaorgassertjcoreapiAbstractIterableAssertjava	srcmainjavaorgassertjcoreapiAbstractObjectArrayAssertjava	srcmainjavaorgassertjcoreapiAssertionsjava	srcmainjavaorgassertjcoreapiAssumptionsjava	srcmainjavaorgassertjcoreapiListAssertjava	srcmainjavaorgassertjcoreapiObjectEnumerableAssertjava	srcmainjavaorgassertjcoreinternalArraysjava	srcmainjavaorgassertjcoreinternalObjectArraysjava	srctestjavaorgassertjcoreapiobjectarrayObjectArrayAssertendsWithTestjava"""," ""Joel Costigliola""",67,10,src/main/java/org/assertj/core/api/AbstractIterableAssert.java
1507624011," ""Merge remotetracking branch origin2x Conflicts	travisyml	pomxml	srcmainjavaorgassertjcoreapiAbstractIterableAssertjava	srcmainjavaorgassertjcoreapiAbstractObjectArrayAssertjava	srcmainjavaorgassertjcoreapiAssertionsjava	srcmainjavaorgassertjcoreapiAssumptionsjava	srcmainjavaorgassertjcoreapiListAssertjava	srcmainjavaorgassertjcoreapiObjectEnumerableAssertjava	srcmainjavaorgassertjcoreinternalArraysjava	srcmainjavaorgassertjcoreinternalObjectArraysjava	srctestjavaorgassertjcoreapiobjectarrayObjectArrayAssertendsWithTestjava"""," ""Joel Costigliola""",1,1,src/main/java/org/assertj/core/api/AbstractObjectAssert.java
1507624011," ""Merge remotetracking branch origin2x Conflicts	travisyml	pomxml	srcmainjavaorgassertjcoreapiAbstractIterableAssertjava	srcmainjavaorgassertjcoreapiAbstractObjectArrayAssertjava	srcmainjavaorgassertjcoreapiAssertionsjava	srcmainjavaorgassertjcoreapiAssumptionsjava	srcmainjavaorgassertjcoreapiListAssertjava	srcmainjavaorgassertjcoreapiObjectEnumerableAssertjava	srcmainjavaorgassertjcoreinternalArraysjava	srcmainjavaorgassertjcoreinternalObjectArraysjava	srctestjavaorgassertjcoreapiobjectarrayObjectArrayAssertendsWithTestjava"""," ""Joel Costigliola""",6,22,src/main/java/org/assertj/core/api/Assertions.java
1507624011," ""Merge remotetracking branch origin2x Conflicts	travisyml	pomxml	srcmainjavaorgassertjcoreapiAbstractIterableAssertjava	srcmainjavaorgassertjcoreapiAbstractObjectArrayAssertjava	srcmainjavaorgassertjcoreapiAssertionsjava	srcmainjavaorgassertjcoreapiAssumptionsjava	srcmainjavaorgassertjcoreapiListAssertjava	srcmainjavaorgassertjcoreapiObjectEnumerableAssertjava	srcmainjavaorgassertjcoreinternalArraysjava	srcmainjavaorgassertjcoreinternalObjectArraysjava	srctestjavaorgassertjcoreapiobjectarrayObjectArrayAssertendsWithTestjava"""," ""Joel Costigliola""",2,2,src/main/java/org/assertj/core/api/ListAssert.java
1507624011," ""Merge remotetracking branch origin2x Conflicts	travisyml	pomxml	srcmainjavaorgassertjcoreapiAbstractIterableAssertjava	srcmainjavaorgassertjcoreapiAbstractObjectArrayAssertjava	srcmainjavaorgassertjcoreapiAssertionsjava	srcmainjavaorgassertjcoreapiAssumptionsjava	srcmainjavaorgassertjcoreapiListAssertjava	srcmainjavaorgassertjcoreapiObjectEnumerableAssertjava	srcmainjavaorgassertjcoreinternalArraysjava	srcmainjavaorgassertjcoreinternalObjectArraysjava	srctestjavaorgassertjcoreapiobjectarrayObjectArrayAssertendsWithTestjava"""," ""Joel Costigliola""",3,3,src/main/java/org/assertj/core/api/WritableAssertionInfo.java
1507624011," ""Merge remotetracking branch origin2x Conflicts	travisyml	pomxml	srcmainjavaorgassertjcoreapiAbstractIterableAssertjava	srcmainjavaorgassertjcoreapiAbstractObjectArrayAssertjava	srcmainjavaorgassertjcoreapiAssertionsjava	srcmainjavaorgassertjcoreapiAssumptionsjava	srcmainjavaorgassertjcoreapiListAssertjava	srcmainjavaorgassertjcoreapiObjectEnumerableAssertjava	srcmainjavaorgassertjcoreinternalArraysjava	srcmainjavaorgassertjcoreinternalObjectArraysjava	srctestjavaorgassertjcoreapiobjectarrayObjectArrayAssertendsWithTestjava"""," ""Joel Costigliola""",44,0,src/main/java/org/assertj/core/configuration/ConfigurationProvider.java
1507624011," ""Merge remotetracking branch origin2x Conflicts	travisyml	pomxml	srcmainjavaorgassertjcoreapiAbstractIterableAssertjava	srcmainjavaorgassertjcoreapiAbstractObjectArrayAssertjava	srcmainjavaorgassertjcoreapiAssertionsjava	srcmainjavaorgassertjcoreapiAssumptionsjava	srcmainjavaorgassertjcoreapiListAssertjava	srcmainjavaorgassertjcoreapiObjectEnumerableAssertjava	srcmainjavaorgassertjcoreinternalArraysjava	srcmainjavaorgassertjcoreinternalObjectArraysjava	srctestjavaorgassertjcoreapiobjectarrayObjectArrayAssertendsWithTestjava"""," ""Joel Costigliola""",41,0,src/main/java/org/assertj/core/configuration/Services.java
1507624011," ""Merge remotetracking branch origin2x Conflicts	travisyml	pomxml	srcmainjavaorgassertjcoreapiAbstractIterableAssertjava	srcmainjavaorgassertjcoreapiAbstractObjectArrayAssertjava	srcmainjavaorgassertjcoreapiAssertionsjava	srcmainjavaorgassertjcoreapiAssumptionsjava	srcmainjavaorgassertjcoreapiListAssertjava	srcmainjavaorgassertjcoreapiObjectEnumerableAssertjava	srcmainjavaorgassertjcoreinternalArraysjava	srcmainjavaorgassertjcoreinternalObjectArraysjava	srctestjavaorgassertjcoreapiobjectarrayObjectArrayAssertendsWithTestjava"""," ""Joel Costigliola""",2,2,src/main/java/org/assertj/core/data/MapEntry.java
1507624011," ""Merge remotetracking branch origin2x Conflicts	travisyml	pomxml	srcmainjavaorgassertjcoreapiAbstractIterableAssertjava	srcmainjavaorgassertjcoreapiAbstractObjectArrayAssertjava	srcmainjavaorgassertjcoreapiAssertionsjava	srcmainjavaorgassertjcoreapiAssumptionsjava	srcmainjavaorgassertjcoreapiListAssertjava	srcmainjavaorgassertjcoreapiObjectEnumerableAssertjava	srcmainjavaorgassertjcoreinternalArraysjava	srcmainjavaorgassertjcoreinternalObjectArraysjava	srctestjavaorgassertjcoreapiobjectarrayObjectArrayAssertendsWithTestjava"""," ""Joel Costigliola""",4,5,src/main/java/org/assertj/core/error/BasicErrorMessageFactory.java
1507624011," ""Merge remotetracking branch origin2x Conflicts	travisyml	pomxml	srcmainjavaorgassertjcoreapiAbstractIterableAssertjava	srcmainjavaorgassertjcoreapiAbstractObjectArrayAssertjava	srcmainjavaorgassertjcoreapiAssertionsjava	srcmainjavaorgassertjcoreapiAssumptionsjava	srcmainjavaorgassertjcoreapiListAssertjava	srcmainjavaorgassertjcoreapiObjectEnumerableAssertjava	srcmainjavaorgassertjcoreinternalArraysjava	srcmainjavaorgassertjcoreinternalObjectArraysjava	srctestjavaorgassertjcoreapiobjectarrayObjectArrayAssertendsWithTestjava"""," ""Joel Costigliola""",1,1,src/main/java/org/assertj/core/error/ConstructorInvoker.java
1507624011," ""Merge remotetracking branch origin2x Conflicts	travisyml	pomxml	srcmainjavaorgassertjcoreapiAbstractIterableAssertjava	srcmainjavaorgassertjcoreapiAbstractObjectArrayAssertjava	srcmainjavaorgassertjcoreapiAssertionsjava	srcmainjavaorgassertjcoreapiAssumptionsjava	srcmainjavaorgassertjcoreapiListAssertjava	srcmainjavaorgassertjcoreapiObjectEnumerableAssertjava	srcmainjavaorgassertjcoreinternalArraysjava	srcmainjavaorgassertjcoreinternalObjectArraysjava	srctestjavaorgassertjcoreapiobjectarrayObjectArrayAssertendsWithTestjava"""," ""Joel Costigliola""",44,20,src/main/java/org/assertj/core/error/ShouldBeEqual.java
1507624011," ""Merge remotetracking branch origin2x Conflicts	travisyml	pomxml	srcmainjavaorgassertjcoreapiAbstractIterableAssertjava	srcmainjavaorgassertjcoreapiAbstractObjectArrayAssertjava	srcmainjavaorgassertjcoreapiAssertionsjava	srcmainjavaorgassertjcoreapiAssumptionsjava	srcmainjavaorgassertjcoreapiListAssertjava	srcmainjavaorgassertjcoreapiObjectEnumerableAssertjava	srcmainjavaorgassertjcoreinternalArraysjava	srcmainjavaorgassertjcoreinternalObjectArraysjava	srctestjavaorgassertjcoreapiobjectarrayObjectArrayAssertendsWithTestjava"""," ""Joel Costigliola""",2,2,src/main/java/org/assertj/core/groups/Tuple.java
1507624011," ""Merge remotetracking branch origin2x Conflicts	travisyml	pomxml	srcmainjavaorgassertjcoreapiAbstractIterableAssertjava	srcmainjavaorgassertjcoreapiAbstractObjectArrayAssertjava	srcmainjavaorgassertjcoreapiAssertionsjava	srcmainjavaorgassertjcoreapiAssumptionsjava	srcmainjavaorgassertjcoreapiListAssertjava	srcmainjavaorgassertjcoreapiObjectEnumerableAssertjava	srcmainjavaorgassertjcoreinternalArraysjava	srcmainjavaorgassertjcoreinternalObjectArraysjava	srctestjavaorgassertjcoreapiobjectarrayObjectArrayAssertendsWithTestjava"""," ""Joel Costigliola""",21,6,src/main/java/org/assertj/core/internal/Arrays.java
1507624011," ""Merge remotetracking branch origin2x Conflicts	travisyml	pomxml	srcmainjavaorgassertjcoreapiAbstractIterableAssertjava	srcmainjavaorgassertjcoreapiAbstractObjectArrayAssertjava	srcmainjavaorgassertjcoreapiAssertionsjava	srcmainjavaorgassertjcoreapiAssumptionsjava	srcmainjavaorgassertjcoreapiListAssertjava	srcmainjavaorgassertjcoreapiObjectEnumerableAssertjava	srcmainjavaorgassertjcoreinternalArraysjava	srcmainjavaorgassertjcoreinternalObjectArraysjava	srctestjavaorgassertjcoreapiobjectarrayObjectArrayAssertendsWithTestjava"""," ""Joel Costigliola""",5,3,src/main/java/org/assertj/core/internal/ComparatorBasedComparisonStrategy.java
1507624011," ""Merge remotetracking branch origin2x Conflicts	travisyml	pomxml	srcmainjavaorgassertjcoreapiAbstractIterableAssertjava	srcmainjavaorgassertjcoreapiAbstractObjectArrayAssertjava	srcmainjavaorgassertjcoreapiAssertionsjava	srcmainjavaorgassertjcoreapiAssumptionsjava	srcmainjavaorgassertjcoreapiListAssertjava	srcmainjavaorgassertjcoreapiObjectEnumerableAssertjava	srcmainjavaorgassertjcoreinternalArraysjava	srcmainjavaorgassertjcoreinternalObjectArraysjava	srctestjavaorgassertjcoreapiobjectarrayObjectArrayAssertendsWithTestjava"""," ""Joel Costigliola""",23,0,src/main/java/org/assertj/core/internal/Iterables.java
1507624011," ""Merge remotetracking branch origin2x Conflicts	travisyml	pomxml	srcmainjavaorgassertjcoreapiAbstractIterableAssertjava	srcmainjavaorgassertjcoreapiAbstractObjectArrayAssertjava	srcmainjavaorgassertjcoreapiAssertionsjava	srcmainjavaorgassertjcoreapiAssumptionsjava	srcmainjavaorgassertjcoreapiListAssertjava	srcmainjavaorgassertjcoreapiObjectEnumerableAssertjava	srcmainjavaorgassertjcoreinternalArraysjava	srcmainjavaorgassertjcoreinternalObjectArraysjava	srctestjavaorgassertjcoreapiobjectarrayObjectArrayAssertendsWithTestjava"""," ""Joel Costigliola""",18,0,src/main/java/org/assertj/core/internal/Objects.java
1507624011," ""Merge remotetracking branch origin2x Conflicts	travisyml	pomxml	srcmainjavaorgassertjcoreapiAbstractIterableAssertjava	srcmainjavaorgassertjcoreapiAbstractObjectArrayAssertjava	srcmainjavaorgassertjcoreapiAssertionsjava	srcmainjavaorgassertjcoreapiAssumptionsjava	srcmainjavaorgassertjcoreapiListAssertjava	srcmainjavaorgassertjcoreapiObjectEnumerableAssertjava	srcmainjavaorgassertjcoreinternalArraysjava	srcmainjavaorgassertjcoreinternalObjectArraysjava	srctestjavaorgassertjcoreapiobjectarrayObjectArrayAssertendsWithTestjava"""," ""Joel Costigliola""",1,1,src/main/java/org/assertj/core/internal/TypeComparators.java
1507624011," ""Merge remotetracking branch origin2x Conflicts	travisyml	pomxml	srcmainjavaorgassertjcoreapiAbstractIterableAssertjava	srcmainjavaorgassertjcoreapiAbstractObjectArrayAssertjava	srcmainjavaorgassertjcoreapiAssertionsjava	srcmainjavaorgassertjcoreapiAssumptionsjava	srcmainjavaorgassertjcoreapiListAssertjava	srcmainjavaorgassertjcoreapiObjectEnumerableAssertjava	srcmainjavaorgassertjcoreinternalArraysjava	srcmainjavaorgassertjcoreinternalObjectArraysjava	srctestjavaorgassertjcoreapiobjectarrayObjectArrayAssertendsWithTestjava"""," ""Joel Costigliola""",41,2,src/main/java/org/assertj/core/presentation/StandardRepresentation.java
1507624011," ""Merge remotetracking branch origin2x Conflicts	travisyml	pomxml	srcmainjavaorgassertjcoreapiAbstractIterableAssertjava	srcmainjavaorgassertjcoreapiAbstractObjectArrayAssertjava	srcmainjavaorgassertjcoreapiAssertionsjava	srcmainjavaorgassertjcoreapiAssumptionsjava	srcmainjavaorgassertjcoreapiListAssertjava	srcmainjavaorgassertjcoreapiObjectEnumerableAssertjava	srcmainjavaorgassertjcoreinternalArraysjava	srcmainjavaorgassertjcoreinternalObjectArraysjava	srctestjavaorgassertjcoreapiobjectarrayObjectArrayAssertendsWithTestjava"""," ""Joel Costigliola""",2,1,src/test/java/org/assertj/core/presentation/StandardRepresentation_toStringOf_Test.java
1507624011," ""Merge remotetracking branch origin2x Conflicts	travisyml	pomxml	srcmainjavaorgassertjcoreapiAbstractIterableAssertjava	srcmainjavaorgassertjcoreapiAbstractObjectArrayAssertjava	srcmainjavaorgassertjcoreapiAssertionsjava	srcmainjavaorgassertjcoreapiAssumptionsjava	srcmainjavaorgassertjcoreapiListAssertjava	srcmainjavaorgassertjcoreapiObjectEnumerableAssertjava	srcmainjavaorgassertjcoreinternalArraysjava	srcmainjavaorgassertjcoreinternalObjectArraysjava	srctestjavaorgassertjcoreapiobjectarrayObjectArrayAssertendsWithTestjava"""," ""Joel Costigliola""",3,2,src/test/java/org/assertj/core/test/ExpectedException.java
1507455090," ""Fix bug introduced by the endsWith refactoring"""," ""Joel Costigliola""",1,1,src/main/java/org/assertj/core/internal/Arrays.java
1507453119," ""Added usingComparatorForType for iterable array atomic reference array assert"""," ""Kseniya""",57,9,src/main/java/org/assertj/core/api/AbstractIterableAssert.java
1507453119," ""Added usingComparatorForType for iterable array atomic reference array assert"""," ""Kseniya""",2,1,src/main/java/org/assertj/core/api/AbstractObjectAssert.java
1507453119," ""Added usingComparatorForType for iterable array atomic reference array assert"""," ""Kseniya""",2,0,src/main/java/org/assertj/core/internal/ComparatorBasedComparisonStrategy.java
1507451838," ""Fix ambiguous endsWith resolution in IterableAssertFixed compilation errorreference to endsWith is ambiguous both method endsWithELEMENT1ELEMENT1 in AbstractIterableAssert and method endsWithELEMENT2 in IterableAssert"""," ""Joel Costigliola""",2,2,src/main/java/org/assertj/core/api/ListAssert.java
1507368847," ""Add hasSameHashCodeAs assertion  fixes 995"""," ""Rudi Klassen""",7,0,src/main/java/org/assertj/core/api/AbstractAssert.java
1507368847," ""Add hasSameHashCodeAs assertion  fixes 995"""," ""Rudi Klassen""",18,0,src/main/java/org/assertj/core/internal/Objects.java
1507344353," ""Add assertContainsOnlyNulls iterablearray assertion"""," ""BillyYccc""",10,1,src/main/java/org/assertj/core/api/AbstractIterableAssert.java
1507344353," ""Add assertContainsOnlyNulls iterablearray assertion"""," ""BillyYccc""",13,0,src/main/java/org/assertj/core/internal/Arrays.java
1507344353," ""Add assertContainsOnlyNulls iterablearray assertion"""," ""BillyYccc""",24,1,src/main/java/org/assertj/core/internal/Iterables.java
1507109635," ""Use AssertionFailedError from opentest4j if it is available on the classpath 1072"""," ""Filip Hrisafov""",1,1,src/main/java/org/assertj/core/error/ConstructorInvoker.java
1507109635," ""Use AssertionFailedError from opentest4j if it is available on the classpath 1072"""," ""Filip Hrisafov""",44,20,src/main/java/org/assertj/core/error/ShouldBeEqual.java
1507022335," ""Fixes 1052 by overloading endsWith assertion 1074The new endsWithT allows empty arrays whereas the formerendsWithT has been changed to endsWithT T toexplicitly prevent empty varargs"""," ""Florent Biville""",10,1,src/main/java/org/assertj/core/api/AbstractIterableAssert.java
1507022335," ""Fixes 1052 by overloading endsWith assertion 1074The new endsWithT allows empty arrays whereas the formerendsWithT has been changed to endsWithT T toexplicitly prevent empty varargs"""," ""Florent Biville""",15,3,src/main/java/org/assertj/core/internal/Arrays.java
1507022335," ""Fixes 1052 by overloading endsWith assertion 1074The new endsWithT allows empty arrays whereas the formerendsWithT has been changed to endsWithT T toexplicitly prevent empty varargs"""," ""Florent Biville""",28,3,src/main/java/org/assertj/core/internal/Iterables.java
1507022335," ""Fixes 1052 by overloading endsWith assertion 1074The new endsWithT allows empty arrays whereas the formerendsWithT has been changed to endsWithT T toexplicitly prevent empty varargs"""," ""Florent Biville""",9,0,src/main/java/org/assertj/core/util/Arrays.java
1506937268," ""Fixes 1052 by overloading endsWith assertion 1074The new endsWithT allows empty arrays whereas the formerendsWithT has been changed to endsWithT T toexplicitly prevent empty varargs"""," ""Florent Biville""",10,1,src/main/java/org/assertj/core/api/AbstractIterableAssert.java
1506937268," ""Fixes 1052 by overloading endsWith assertion 1074The new endsWithT allows empty arrays whereas the formerendsWithT has been changed to endsWithT T toexplicitly prevent empty varargs"""," ""Florent Biville""",15,3,src/main/java/org/assertj/core/internal/Arrays.java
1506937268," ""Fixes 1052 by overloading endsWith assertion 1074The new endsWithT allows empty arrays whereas the formerendsWithT has been changed to endsWithT T toexplicitly prevent empty varargs"""," ""Florent Biville""",28,3,src/main/java/org/assertj/core/internal/Iterables.java
1506937268," ""Fixes 1052 by overloading endsWith assertion 1074The new endsWithT allows empty arrays whereas the formerendsWithT has been changed to endsWithT T toexplicitly prevent empty varargs"""," ""Florent Biville""",9,0,src/main/java/org/assertj/core/util/Arrays.java
1503217715," ""Make TypeComparators accept comparator taking a superclass of the type to compareThis allows to register a comparator for Timestamp against Date"""," ""Joel Costigliola""",1,1,src/main/java/org/assertj/core/api/AbstractObjectAssert.java
1503217715," ""Make TypeComparators accept comparator taking a superclass of the type to compareThis allows to register a comparator for Timestamp against Date"""," ""Joel Costigliola""",1,1,src/main/java/org/assertj/core/internal/TypeComparators.java
1503208288," ""Add tests for assertContains for the generic Arrays class"""," ""João Delgado""",7,5,src/main/java/org/assertj/core/internal/Arrays.java
1503130362," ""Small cleanups 1058 Add some missing since tags Make the ConfigurationProvider constructor private Do some rewording and fix some typos around the new SPI Representation"""," ""Filip Hrisafov""",1,1,src/main/java/org/assertj/core/api/Assertions.java
1503130362," ""Small cleanups 1058 Add some missing since tags Make the ConfigurationProvider constructor private Do some rewording and fix some typos around the new SPI Representation"""," ""Filip Hrisafov""",1,1,src/main/java/org/assertj/core/configuration/ConfigurationProvider.java
1503118773," ""Use an SPI for registering a custom Representation 1016"""," ""Filip Hrisafov""",8,4,src/main/java/org/assertj/core/api/Assertions.java
1503118773," ""Use an SPI for registering a custom Representation 1016"""," ""Filip Hrisafov""",3,3,src/main/java/org/assertj/core/api/WritableAssertionInfo.java
1503118773," ""Use an SPI for registering a custom Representation 1016"""," ""Filip Hrisafov""",44,0,src/main/java/org/assertj/core/configuration/ConfigurationProvider.java
1503118773," ""Use an SPI for registering a custom Representation 1016"""," ""Filip Hrisafov""",41,0,src/main/java/org/assertj/core/configuration/Services.java
1503118773," ""Use an SPI for registering a custom Representation 1016"""," ""Filip Hrisafov""",2,2,src/main/java/org/assertj/core/data/MapEntry.java
1503118773," ""Use an SPI for registering a custom Representation 1016"""," ""Filip Hrisafov""",4,5,src/main/java/org/assertj/core/error/BasicErrorMessageFactory.java
1503118773," ""Use an SPI for registering a custom Representation 1016"""," ""Filip Hrisafov""",2,2,src/main/java/org/assertj/core/groups/Tuple.java
1503118773," ""Use an SPI for registering a custom Representation 1016"""," ""Filip Hrisafov""",3,3,src/main/java/org/assertj/core/internal/ComparatorBasedComparisonStrategy.java
1503118773," ""Use an SPI for registering a custom Representation 1016"""," ""Filip Hrisafov""",41,2,src/main/java/org/assertj/core/presentation/StandardRepresentation.java
1503118773," ""Use an SPI for registering a custom Representation 1016"""," ""Filip Hrisafov""",2,1,src/test/java/org/assertj/core/presentation/StandardRepresentation_toStringOf_Test.java
1503118773," ""Use an SPI for registering a custom Representation 1016"""," ""Filip Hrisafov""",3,2,src/test/java/org/assertj/core/test/ExpectedException.java
1502614108," ""Javadoc improvements"""," ""Joel Costigliola""",12,10,src/main/java/org/assertj/core/api/Assertions.java
1502614108," ""Add assumptions for Java 8 types"""," ""Joel Costigliola""",0,2,src/main/java/org/assertj/core/api/Assertions.java
1502537170," ""Merge remotetracking branch origin2x"""," ""Joel Costigliola""",13,8,src/main/java/org/assertj/core/groups/FieldsOrPropertiesExtractor.java
1502537170," ""Merge remotetracking branch origin2x"""," ""Joel Costigliola""",1,1,src/test/java/org/assertj/core/presentation/StandardRepresentation_toStringOf_Test.java
1501757003," ""Fix warnings"""," ""Joel Costigliola""",2,1,src/test/java/org/assertj/core/presentation/StandardRepresentation_toStringOf_Test.java
1501756818," ""1041 Throw assertion error for assertThatextracting when actual is null  further commit for 2x branch"""," ""Marco Leichsenring""",13,8,src/main/java/org/assertj/core/groups/FieldsOrPropertiesExtractor.java
1501401589," ""Fix warnings"""," ""Joel Costigliola""",2,1,src/test/java/org/assertj/core/presentation/StandardRepresentation_toStringOf_Test.java
1501400823," ""Fixes 1046 by explicitly having assertThat methods for Stream IntStream LongStream and DoubleStream instead of BaseStream"""," ""Joel Costigliola""",53,8,src/main/java/org/assertj/core/api/Assertions.java
1501400823," ""Fixes 1046 by explicitly having assertThat methods for Stream IntStream LongStream and DoubleStream instead of BaseStream"""," ""Joel Costigliola""",55,10,src/main/java/org/assertj/core/api/AssertionsForInterfaceTypes.java
1501400823," ""Fixes 1046 by explicitly having assertThat methods for Stream IntStream LongStream and DoubleStream instead of BaseStream"""," ""Joel Costigliola""",20,3,src/main/java/org/assertj/core/api/ListAssert.java
1501400790," ""Merge remotetracking branch origin2x Conflicts	srcmainjavaorgassertjcoreapiAbstractObjectArrayAssertjava	srcmainjavaorgassertjcoreapiAssertionsjava	srcmainjavaorgassertjcoreapiAtomicReferenceArrayAssertjava	srcmainjavaorgassertjcoreapiBDDAssertionsjava	srcmainjavaorgassertjcoreapiObjectEnumerableAssertjava	srcmainjavaorgassertjcorepresentationStandardRepresentationjava	srctestjavaorgassertjcoreapiSoftAssertionsTestjava"""," ""Joel Costigliola""",1,2,src/main/java/org/assertj/core/api/AbstractAssert.java
1501400790," ""Merge remotetracking branch origin2x Conflicts	srcmainjavaorgassertjcoreapiAbstractObjectArrayAssertjava	srcmainjavaorgassertjcoreapiAssertionsjava	srcmainjavaorgassertjcoreapiAtomicReferenceArrayAssertjava	srcmainjavaorgassertjcoreapiBDDAssertionsjava	srcmainjavaorgassertjcoreapiObjectEnumerableAssertjava	srcmainjavaorgassertjcorepresentationStandardRepresentationjava	srctestjavaorgassertjcoreapiSoftAssertionsTestjava"""," ""Joel Costigliola""",5,2,src/main/java/org/assertj/core/api/AbstractIterableAssert.java
1501400790," ""Merge remotetracking branch origin2x Conflicts	srcmainjavaorgassertjcoreapiAbstractObjectArrayAssertjava	srcmainjavaorgassertjcoreapiAssertionsjava	srcmainjavaorgassertjcoreapiAtomicReferenceArrayAssertjava	srcmainjavaorgassertjcoreapiBDDAssertionsjava	srcmainjavaorgassertjcoreapiObjectEnumerableAssertjava	srcmainjavaorgassertjcorepresentationStandardRepresentationjava	srctestjavaorgassertjcoreapiSoftAssertionsTestjava"""," ""Joel Costigliola""",17,18,src/main/java/org/assertj/core/api/Assertions.java
1501400790," ""Merge remotetracking branch origin2x Conflicts	srcmainjavaorgassertjcoreapiAbstractObjectArrayAssertjava	srcmainjavaorgassertjcoreapiAssertionsjava	srcmainjavaorgassertjcoreapiAtomicReferenceArrayAssertjava	srcmainjavaorgassertjcoreapiBDDAssertionsjava	srcmainjavaorgassertjcoreapiObjectEnumerableAssertjava	srcmainjavaorgassertjcorepresentationStandardRepresentationjava	srctestjavaorgassertjcoreapiSoftAssertionsTestjava"""," ""Joel Costigliola""",17,3,src/main/java/org/assertj/core/internal/Arrays.java
1501400790," ""Merge remotetracking branch origin2x Conflicts	srcmainjavaorgassertjcoreapiAbstractObjectArrayAssertjava	srcmainjavaorgassertjcoreapiAssertionsjava	srcmainjavaorgassertjcoreapiAtomicReferenceArrayAssertjava	srcmainjavaorgassertjcoreapiBDDAssertionsjava	srcmainjavaorgassertjcoreapiObjectEnumerableAssertjava	srcmainjavaorgassertjcorepresentationStandardRepresentationjava	srctestjavaorgassertjcoreapiSoftAssertionsTestjava"""," ""Joel Costigliola""",3,3,src/main/java/org/assertj/core/internal/Iterables.java
1501400790," ""Merge remotetracking branch origin2x Conflicts	srcmainjavaorgassertjcoreapiAbstractObjectArrayAssertjava	srcmainjavaorgassertjcoreapiAssertionsjava	srcmainjavaorgassertjcoreapiAtomicReferenceArrayAssertjava	srcmainjavaorgassertjcoreapiBDDAssertionsjava	srcmainjavaorgassertjcoreapiObjectEnumerableAssertjava	srcmainjavaorgassertjcorepresentationStandardRepresentationjava	srctestjavaorgassertjcoreapiSoftAssertionsTestjava"""," ""Joel Costigliola""",2,3,src/main/java/org/assertj/core/internal/Strings.java
1501400790," ""Merge remotetracking branch origin2x Conflicts	srcmainjavaorgassertjcoreapiAbstractObjectArrayAssertjava	srcmainjavaorgassertjcoreapiAssertionsjava	srcmainjavaorgassertjcoreapiAtomicReferenceArrayAssertjava	srcmainjavaorgassertjcoreapiBDDAssertionsjava	srcmainjavaorgassertjcoreapiObjectEnumerableAssertjava	srcmainjavaorgassertjcorepresentationStandardRepresentationjava	srctestjavaorgassertjcoreapiSoftAssertionsTestjava"""," ""Joel Costigliola""",3,1,src/main/java/org/assertj/core/presentation/StandardRepresentation.java
1501400790," ""Merge remotetracking branch origin2x Conflicts	srcmainjavaorgassertjcoreapiAbstractObjectArrayAssertjava	srcmainjavaorgassertjcoreapiAssertionsjava	srcmainjavaorgassertjcoreapiAtomicReferenceArrayAssertjava	srcmainjavaorgassertjcoreapiBDDAssertionsjava	srcmainjavaorgassertjcoreapiObjectEnumerableAssertjava	srcmainjavaorgassertjcorepresentationStandardRepresentationjava	srctestjavaorgassertjcoreapiSoftAssertionsTestjava"""," ""Joel Costigliola""",22,0,src/test/java/org/assertj/core/presentation/StandardRepresentation_toStringOf_Test.java
1501395268," ""Use method generic return type and generic parameters for testing the API consistency 1005Use Guava TypeResolver to be able to compare generic Types"""," ""Filip Hrisafov""",1,1,src/main/java/org/assertj/core/api/Assertions.java
1501395268," ""Use method generic return type and generic parameters for testing the API consistency 1005Use Guava TypeResolver to be able to compare generic Types"""," ""Filip Hrisafov""",2,0,src/main/java/org/assertj/core/presentation/StandardRepresentation.java
1501395268," ""Use method generic return type and generic parameters for testing the API consistency 1005Use Guava TypeResolver to be able to compare generic Types"""," ""Filip Hrisafov""",22,0,src/test/java/org/assertj/core/presentation/StandardRepresentation_toStringOf_Test.java
1501394556," ""Fix warnings"""," ""Joel Costigliola""",2,3,src/main/java/org/assertj/core/internal/Strings.java
1500884878," ""Add some missing CheckReturnValue"""," ""Joel Costigliola""",9,3,src/main/java/org/assertj/core/api/Assertions.java
1500884878," ""Add containsAnyOf array assertion including primitive  and atomic arrays"""," ""Joel Costigliola""",5,2,src/main/java/org/assertj/core/api/AbstractIterableAssert.java
1500884878," ""Add containsAnyOf array assertion including primitive  and atomic arrays"""," ""Joel Costigliola""",17,3,src/main/java/org/assertj/core/internal/Arrays.java
1500884878," ""Add containsAnyOf array assertion including primitive  and atomic arrays"""," ""Joel Costigliola""",3,3,src/main/java/org/assertj/core/internal/Iterables.java
1500809735," ""Merge branch 2x Conflicts	srcmainjavaorgassertjcoreapiAssertionsjava	srcmainjavaorgassertjcoreinternalIterablesjava"""," ""Pascal Schumacher""",24,23,src/main/java/org/assertj/core/api/AbstractCharSequenceAssert.java
1500809735," ""Merge branch 2x Conflicts	srcmainjavaorgassertjcoreapiAssertionsjava	srcmainjavaorgassertjcoreinternalIterablesjava"""," ""Pascal Schumacher""",61,2,src/main/java/org/assertj/core/api/AbstractIterableAssert.java
1500809735," ""Merge branch 2x Conflicts	srcmainjavaorgassertjcoreapiAssertionsjava	srcmainjavaorgassertjcoreinternalIterablesjava"""," ""Pascal Schumacher""",75,11,src/main/java/org/assertj/core/api/Assertions.java
1500809735," ""Merge branch 2x Conflicts	srcmainjavaorgassertjcoreapiAssertionsjava	srcmainjavaorgassertjcoreinternalIterablesjava"""," ""Pascal Schumacher""",2,2,src/main/java/org/assertj/core/api/ClassBasedNavigableIterableAssert.java
1500809735," ""Merge branch 2x Conflicts	srcmainjavaorgassertjcoreapiAssertionsjava	srcmainjavaorgassertjcoreinternalIterablesjava"""," ""Pascal Schumacher""",25,0,src/main/java/org/assertj/core/internal/Iterables.java
1500809735," ""Merge branch 2x Conflicts	srcmainjavaorgassertjcoreapiAssertionsjava	srcmainjavaorgassertjcoreinternalIterablesjava"""," ""Pascal Schumacher""",6,8,src/main/java/org/assertj/core/internal/Strings.java
1500809735," ""Merge branch 2x Conflicts	srcmainjavaorgassertjcoreapiAssertionsjava	srcmainjavaorgassertjcoreinternalIterablesjava"""," ""Pascal Schumacher""",1,1,src/test/java/org/assertj/core/navigation/ClassBasedNavigableIterable_Test.java
1500808882," ""AbstractIterableAssertcontainsAnyOf and containsAnyElementsOf remove CheckReturnValue because it is valid and common to ignore the return value"""," ""Pascal Schumacher""",0,2,src/main/java/org/assertj/core/api/AbstractIterableAssert.java
1500702983," ""Add containsAnyOf Iterable assertion"""," ""marko-bekhta""",62,1,src/main/java/org/assertj/core/api/AbstractIterableAssert.java
1500702983," ""Add containsAnyOf Iterable assertion"""," ""marko-bekhta""",26,3,src/main/java/org/assertj/core/internal/Iterables.java
1500400224," ""correct javadoc related isJavaBlank and isNotJavaBlank fixes 1037"""," ""Pascal Schumacher""",24,23,src/main/java/org/assertj/core/api/AbstractCharSequenceAssert.java
1500400224," ""correct javadoc related isJavaBlank and isNotJavaBlank fixes 1037"""," ""Pascal Schumacher""",6,8,src/main/java/org/assertj/core/internal/Strings.java
1499594012," ""fix ClassBasedNavigableIterableListAssertTest on java 9 illegal access exception message slightly differs from previous java versions"""," ""Pascal Schumacher""",1,1,src/test/java/org/assertj/core/navigation/ClassBasedNavigableIterable_Test.java
1499590669," ""ClassBasedNavigableIterableListAssert improve grammar of exception messages"""," ""Pascal Schumacher""",2,2,src/main/java/org/assertj/core/api/ClassBasedNavigableIterableAssert.java
1499450460," ""fix some javadoc warnings"""," ""Pascal Schumacher""",1,1,src/main/java/org/assertj/core/api/AbstractIterableAssert.java
1499450460," ""fix some javadoc warnings"""," ""Pascal Schumacher""",68,9,src/main/java/org/assertj/core/api/Assertions.java
1499442184," ""Merge branch 2x Conflicts	srcmainjavaorgassertjcoreapiAbstractIterableAssertjava	srcmainjavaorgassertjcoreapiAbstractObjectArrayAssertjava	srcmainjavaorgassertjcoreapiAssertionsjava	srcmainjavaorgassertjcoreapiBDDAssertionsjava	srcmainjavaorgassertjcoreapiConditionjava	srcmainjavaorgassertjcoreapiJava6Assertionsjava	srcmainjavaorgassertjcoreapiObjectEnumerableAssertjava	srcmainjavaorgassertjcoreerrorShouldBeAfterOrEqualsTojava"""," ""Pascal Schumacher""",1,3,src/main/java/org/assertj/core/api/AbstractAssert.java
1499442184," ""Merge branch 2x Conflicts	srcmainjavaorgassertjcoreapiAbstractIterableAssertjava	srcmainjavaorgassertjcoreapiAbstractObjectArrayAssertjava	srcmainjavaorgassertjcoreapiAssertionsjava	srcmainjavaorgassertjcoreapiBDDAssertionsjava	srcmainjavaorgassertjcoreapiConditionjava	srcmainjavaorgassertjcoreapiJava6Assertionsjava	srcmainjavaorgassertjcoreapiObjectEnumerableAssertjava	srcmainjavaorgassertjcoreerrorShouldBeAfterOrEqualsTojava"""," ""Pascal Schumacher""",8,8,src/main/java/org/assertj/core/api/AbstractCharSequenceAssert.java
1499442184," ""Merge branch 2x Conflicts	srcmainjavaorgassertjcoreapiAbstractIterableAssertjava	srcmainjavaorgassertjcoreapiAbstractObjectArrayAssertjava	srcmainjavaorgassertjcoreapiAssertionsjava	srcmainjavaorgassertjcoreapiBDDAssertionsjava	srcmainjavaorgassertjcoreapiConditionjava	srcmainjavaorgassertjcoreapiJava6Assertionsjava	srcmainjavaorgassertjcoreapiObjectEnumerableAssertjava	srcmainjavaorgassertjcoreerrorShouldBeAfterOrEqualsTojava"""," ""Pascal Schumacher""",6,6,src/main/java/org/assertj/core/api/AbstractIntegerAssert.java
1499442184," ""Merge branch 2x Conflicts	srcmainjavaorgassertjcoreapiAbstractIterableAssertjava	srcmainjavaorgassertjcoreapiAbstractObjectArrayAssertjava	srcmainjavaorgassertjcoreapiAssertionsjava	srcmainjavaorgassertjcoreapiBDDAssertionsjava	srcmainjavaorgassertjcoreapiConditionjava	srcmainjavaorgassertjcoreapiJava6Assertionsjava	srcmainjavaorgassertjcoreapiObjectEnumerableAssertjava	srcmainjavaorgassertjcoreerrorShouldBeAfterOrEqualsTojava"""," ""Pascal Schumacher""",78,28,src/main/java/org/assertj/core/api/AbstractIterableAssert.java
1499442184," ""Merge branch 2x Conflicts	srcmainjavaorgassertjcoreapiAbstractIterableAssertjava	srcmainjavaorgassertjcoreapiAbstractObjectArrayAssertjava	srcmainjavaorgassertjcoreapiAssertionsjava	srcmainjavaorgassertjcoreapiBDDAssertionsjava	srcmainjavaorgassertjcoreapiConditionjava	srcmainjavaorgassertjcoreapiJava6Assertionsjava	srcmainjavaorgassertjcoreapiObjectEnumerableAssertjava	srcmainjavaorgassertjcoreerrorShouldBeAfterOrEqualsTojava"""," ""Pascal Schumacher""",3,3,src/main/java/org/assertj/core/api/AbstractListAssert.java
1499442184," ""Merge branch 2x Conflicts	srcmainjavaorgassertjcoreapiAbstractIterableAssertjava	srcmainjavaorgassertjcoreapiAbstractObjectArrayAssertjava	srcmainjavaorgassertjcoreapiAssertionsjava	srcmainjavaorgassertjcoreapiBDDAssertionsjava	srcmainjavaorgassertjcoreapiConditionjava	srcmainjavaorgassertjcoreapiJava6Assertionsjava	srcmainjavaorgassertjcoreapiObjectEnumerableAssertjava	srcmainjavaorgassertjcoreerrorShouldBeAfterOrEqualsTojava"""," ""Pascal Schumacher""",16,6,src/main/java/org/assertj/core/api/AbstractObjectAssert.java
1499442184," ""Merge branch 2x Conflicts	srcmainjavaorgassertjcoreapiAbstractIterableAssertjava	srcmainjavaorgassertjcoreapiAbstractObjectArrayAssertjava	srcmainjavaorgassertjcoreapiAssertionsjava	srcmainjavaorgassertjcoreapiBDDAssertionsjava	srcmainjavaorgassertjcoreapiConditionjava	srcmainjavaorgassertjcoreapiJava6Assertionsjava	srcmainjavaorgassertjcoreapiObjectEnumerableAssertjava	srcmainjavaorgassertjcoreerrorShouldBeAfterOrEqualsTojava"""," ""Pascal Schumacher""",25,24,src/main/java/org/assertj/core/api/Assertions.java
1499442184," ""Merge branch 2x Conflicts	srcmainjavaorgassertjcoreapiAbstractIterableAssertjava	srcmainjavaorgassertjcoreapiAbstractObjectArrayAssertjava	srcmainjavaorgassertjcoreapiAssertionsjava	srcmainjavaorgassertjcoreapiBDDAssertionsjava	srcmainjavaorgassertjcoreapiConditionjava	srcmainjavaorgassertjcoreapiJava6Assertionsjava	srcmainjavaorgassertjcoreapiObjectEnumerableAssertjava	srcmainjavaorgassertjcoreerrorShouldBeAfterOrEqualsTojava"""," ""Pascal Schumacher""",1,1,src/main/java/org/assertj/core/api/ClassBasedNavigableIterableAssert.java
1499442184," ""Merge branch 2x Conflicts	srcmainjavaorgassertjcoreapiAbstractIterableAssertjava	srcmainjavaorgassertjcoreapiAbstractObjectArrayAssertjava	srcmainjavaorgassertjcoreapiAssertionsjava	srcmainjavaorgassertjcoreapiBDDAssertionsjava	srcmainjavaorgassertjcoreapiConditionjava	srcmainjavaorgassertjcoreapiJava6Assertionsjava	srcmainjavaorgassertjcoreapiObjectEnumerableAssertjava	srcmainjavaorgassertjcoreerrorShouldBeAfterOrEqualsTojava"""," ""Pascal Schumacher""",3,4,src/main/java/org/assertj/core/api/Condition.java
1499442184," ""Merge branch 2x Conflicts	srcmainjavaorgassertjcoreapiAbstractIterableAssertjava	srcmainjavaorgassertjcoreapiAbstractObjectArrayAssertjava	srcmainjavaorgassertjcoreapiAssertionsjava	srcmainjavaorgassertjcoreapiBDDAssertionsjava	srcmainjavaorgassertjcoreapiConditionjava	srcmainjavaorgassertjcoreapiJava6Assertionsjava	srcmainjavaorgassertjcoreapiObjectEnumerableAssertjava	srcmainjavaorgassertjcoreerrorShouldBeAfterOrEqualsTojava"""," ""Pascal Schumacher""",2,2,src/main/java/org/assertj/core/condition/Join.java
1499442184," ""Merge branch 2x Conflicts	srcmainjavaorgassertjcoreapiAbstractIterableAssertjava	srcmainjavaorgassertjcoreapiAbstractObjectArrayAssertjava	srcmainjavaorgassertjcoreapiAssertionsjava	srcmainjavaorgassertjcoreapiBDDAssertionsjava	srcmainjavaorgassertjcoreapiConditionjava	srcmainjavaorgassertjcoreapiJava6Assertionsjava	srcmainjavaorgassertjcoreapiObjectEnumerableAssertjava	srcmainjavaorgassertjcoreerrorShouldBeAfterOrEqualsTojava"""," ""Pascal Schumacher""",1,1,src/main/java/org/assertj/core/description/TextDescription.java
1499442184," ""Merge branch 2x Conflicts	srcmainjavaorgassertjcoreapiAbstractIterableAssertjava	srcmainjavaorgassertjcoreapiAbstractObjectArrayAssertjava	srcmainjavaorgassertjcoreapiAssertionsjava	srcmainjavaorgassertjcoreapiBDDAssertionsjava	srcmainjavaorgassertjcoreapiConditionjava	srcmainjavaorgassertjcoreapiJava6Assertionsjava	srcmainjavaorgassertjcoreapiObjectEnumerableAssertjava	srcmainjavaorgassertjcoreerrorShouldBeAfterOrEqualsTojava"""," ""Pascal Schumacher""",1,1,src/main/java/org/assertj/core/error/BasicErrorMessageFactory.java
1499442184," ""Merge branch 2x Conflicts	srcmainjavaorgassertjcoreapiAbstractIterableAssertjava	srcmainjavaorgassertjcoreapiAbstractObjectArrayAssertjava	srcmainjavaorgassertjcoreapiAssertionsjava	srcmainjavaorgassertjcoreapiBDDAssertionsjava	srcmainjavaorgassertjcoreapiConditionjava	srcmainjavaorgassertjcoreapiJava6Assertionsjava	srcmainjavaorgassertjcoreapiObjectEnumerableAssertjava	srcmainjavaorgassertjcoreerrorShouldBeAfterOrEqualsTojava"""," ""Pascal Schumacher""",4,4,src/main/java/org/assertj/core/error/ShouldBeBetween.java
1499442184," ""Merge branch 2x Conflicts	srcmainjavaorgassertjcoreapiAbstractIterableAssertjava	srcmainjavaorgassertjcoreapiAbstractObjectArrayAssertjava	srcmainjavaorgassertjcoreapiAssertionsjava	srcmainjavaorgassertjcoreapiBDDAssertionsjava	srcmainjavaorgassertjcoreapiConditionjava	srcmainjavaorgassertjcoreapiJava6Assertionsjava	srcmainjavaorgassertjcoreapiObjectEnumerableAssertjava	srcmainjavaorgassertjcoreerrorShouldBeAfterOrEqualsTojava"""," ""Pascal Schumacher""",1,1,src/main/java/org/assertj/core/groups/Properties.java
1499442184," ""Merge branch 2x Conflicts	srcmainjavaorgassertjcoreapiAbstractIterableAssertjava	srcmainjavaorgassertjcoreapiAbstractObjectArrayAssertjava	srcmainjavaorgassertjcoreapiAssertionsjava	srcmainjavaorgassertjcoreapiBDDAssertionsjava	srcmainjavaorgassertjcoreapiConditionjava	srcmainjavaorgassertjcoreapiJava6Assertionsjava	srcmainjavaorgassertjcoreapiObjectEnumerableAssertjava	srcmainjavaorgassertjcoreerrorShouldBeAfterOrEqualsTojava"""," ""Pascal Schumacher""",6,0,src/main/java/org/assertj/core/internal/Comparables.java
1499442184," ""Merge branch 2x Conflicts	srcmainjavaorgassertjcoreapiAbstractIterableAssertjava	srcmainjavaorgassertjcoreapiAbstractObjectArrayAssertjava	srcmainjavaorgassertjcoreapiAssertionsjava	srcmainjavaorgassertjcoreapiBDDAssertionsjava	srcmainjavaorgassertjcoreapiConditionjava	srcmainjavaorgassertjcoreapiJava6Assertionsjava	srcmainjavaorgassertjcoreapiObjectEnumerableAssertjava	srcmainjavaorgassertjcoreerrorShouldBeAfterOrEqualsTojava"""," ""Pascal Schumacher""",1,1,src/main/java/org/assertj/core/internal/ComparatorBasedComparisonStrategy.java
1499442184," ""Merge branch 2x Conflicts	srcmainjavaorgassertjcoreapiAbstractIterableAssertjava	srcmainjavaorgassertjcoreapiAbstractObjectArrayAssertjava	srcmainjavaorgassertjcoreapiAssertionsjava	srcmainjavaorgassertjcoreapiBDDAssertionsjava	srcmainjavaorgassertjcoreapiConditionjava	srcmainjavaorgassertjcoreapiJava6Assertionsjava	srcmainjavaorgassertjcoreapiObjectEnumerableAssertjava	srcmainjavaorgassertjcoreerrorShouldBeAfterOrEqualsTojava"""," ""Pascal Schumacher""",2,2,src/main/java/org/assertj/core/internal/Failures.java
1499442184," ""Merge branch 2x Conflicts	srcmainjavaorgassertjcoreapiAbstractIterableAssertjava	srcmainjavaorgassertjcoreapiAbstractObjectArrayAssertjava	srcmainjavaorgassertjcoreapiAssertionsjava	srcmainjavaorgassertjcoreapiBDDAssertionsjava	srcmainjavaorgassertjcoreapiConditionjava	srcmainjavaorgassertjcoreapiJava6Assertionsjava	srcmainjavaorgassertjcoreapiObjectEnumerableAssertjava	srcmainjavaorgassertjcoreerrorShouldBeAfterOrEqualsTojava"""," ""Pascal Schumacher""",1,1,src/main/java/org/assertj/core/internal/Iterables.java
1499442184," ""Merge branch 2x Conflicts	srcmainjavaorgassertjcoreapiAbstractIterableAssertjava	srcmainjavaorgassertjcoreapiAbstractObjectArrayAssertjava	srcmainjavaorgassertjcoreapiAssertionsjava	srcmainjavaorgassertjcoreapiBDDAssertionsjava	srcmainjavaorgassertjcoreapiConditionjava	srcmainjavaorgassertjcoreapiJava6Assertionsjava	srcmainjavaorgassertjcoreapiObjectEnumerableAssertjava	srcmainjavaorgassertjcoreerrorShouldBeAfterOrEqualsTojava"""," ""Pascal Schumacher""",3,3,src/main/java/org/assertj/core/internal/Lists.java
1499442184," ""Merge branch 2x Conflicts	srcmainjavaorgassertjcoreapiAbstractIterableAssertjava	srcmainjavaorgassertjcoreapiAbstractObjectArrayAssertjava	srcmainjavaorgassertjcoreapiAssertionsjava	srcmainjavaorgassertjcoreapiBDDAssertionsjava	srcmainjavaorgassertjcoreapiConditionjava	srcmainjavaorgassertjcoreapiJava6Assertionsjava	srcmainjavaorgassertjcoreapiObjectEnumerableAssertjava	srcmainjavaorgassertjcoreerrorShouldBeAfterOrEqualsTojava"""," ""Pascal Schumacher""",1,1,src/main/java/org/assertj/core/internal/StandardComparisonStrategy.java
1499442184," ""Merge branch 2x Conflicts	srcmainjavaorgassertjcoreapiAbstractIterableAssertjava	srcmainjavaorgassertjcoreapiAbstractObjectArrayAssertjava	srcmainjavaorgassertjcoreapiAssertionsjava	srcmainjavaorgassertjcoreapiBDDAssertionsjava	srcmainjavaorgassertjcoreapiConditionjava	srcmainjavaorgassertjcoreapiJava6Assertionsjava	srcmainjavaorgassertjcoreapiObjectEnumerableAssertjava	srcmainjavaorgassertjcoreerrorShouldBeAfterOrEqualsTojava"""," ""Pascal Schumacher""",0,2,src/main/java/org/assertj/core/util/DateUtil.java
1499442184," ""Merge branch 2x Conflicts	srcmainjavaorgassertjcoreapiAbstractIterableAssertjava	srcmainjavaorgassertjcoreapiAbstractObjectArrayAssertjava	srcmainjavaorgassertjcoreapiAssertionsjava	srcmainjavaorgassertjcoreapiBDDAssertionsjava	srcmainjavaorgassertjcoreapiConditionjava	srcmainjavaorgassertjcoreapiJava6Assertionsjava	srcmainjavaorgassertjcoreapiObjectEnumerableAssertjava	srcmainjavaorgassertjcoreerrorShouldBeAfterOrEqualsTojava"""," ""Pascal Schumacher""",1,1,src/main/java/org/assertj/core/util/IterableUtil.java
1499442184," ""Merge branch 2x Conflicts	srcmainjavaorgassertjcoreapiAbstractIterableAssertjava	srcmainjavaorgassertjcoreapiAbstractObjectArrayAssertjava	srcmainjavaorgassertjcoreapiAssertionsjava	srcmainjavaorgassertjcoreapiBDDAssertionsjava	srcmainjavaorgassertjcoreapiConditionjava	srcmainjavaorgassertjcoreapiJava6Assertionsjava	srcmainjavaorgassertjcoreapiObjectEnumerableAssertjava	srcmainjavaorgassertjcoreerrorShouldBeAfterOrEqualsTojava"""," ""Pascal Schumacher""",2,2,src/main/java/org/assertj/core/util/Throwables.java
1499442184," ""Merge branch 2x Conflicts	srcmainjavaorgassertjcoreapiAbstractIterableAssertjava	srcmainjavaorgassertjcoreapiAbstractObjectArrayAssertjava	srcmainjavaorgassertjcoreapiAssertionsjava	srcmainjavaorgassertjcoreapiBDDAssertionsjava	srcmainjavaorgassertjcoreapiConditionjava	srcmainjavaorgassertjcoreapiJava6Assertionsjava	srcmainjavaorgassertjcoreapiObjectEnumerableAssertjava	srcmainjavaorgassertjcoreerrorShouldBeAfterOrEqualsTojava"""," ""Pascal Schumacher""",13,2,src/test/java/org/assertj/core/navigation/ClassBasedNavigableIterable_Test.java
1498276870," ""add ObjectEnumarableAssertcontainsExactlyInAnyOrderElementsOf fixes 1009 1014"""," ""Filip Hrisafov""",8,0,src/main/java/org/assertj/core/api/AbstractIterableAssert.java
1497640791," ""fix some javadoc errors"""," ""Pascal Schumacher""",2,2,src/main/java/org/assertj/core/api/AbstractCharSequenceAssert.java
1497640791," ""fix some javadoc errors"""," ""Pascal Schumacher""",6,5,src/main/java/org/assertj/core/api/AbstractIterableAssert.java
1497640791," ""fix some javadoc errors"""," ""Pascal Schumacher""",1,0,src/main/java/org/assertj/core/api/AbstractObjectAssert.java
1497640791," ""fix some javadoc errors"""," ""Pascal Schumacher""",3,2,src/main/java/org/assertj/core/api/Assertions.java
1497158797," ""add doesNotHaveAnyElementsOfTypes assertions"""," ""epeee""",27,0,src/main/java/org/assertj/core/api/AbstractIterableAssert.java
1496033937," ""Class based navigable assert do not swallow reflection problems 992"""," ""cal101""",1,1,src/main/java/org/assertj/core/api/ClassBasedNavigableIterableAssert.java
1496033937," ""Class based navigable assert do not swallow reflection problems 992"""," ""cal101""",13,2,src/test/java/org/assertj/core/navigation/ClassBasedNavigableIterable_Test.java
1495994462," ""check start  end in isBetween and isStrictlyBetween assertions 994 996do not accept start  end in isStrictlyBetween assertion"""," ""epeee""",6,0,src/main/java/org/assertj/core/internal/Comparables.java
1495572544," ""fix some javadoc errors reported by java 8 javadoc"""," ""Pascal Schumacher""",2,2,src/main/java/org/assertj/core/api/AbstractIterableAssert.java
1495572544," ""fix some javadoc errors reported by java 8 javadoc"""," ""Pascal Schumacher""",1,0,src/main/java/org/assertj/core/api/AbstractObjectAssert.java
1495572544," ""fix some javadoc errors reported by java 8 javadoc"""," ""Pascal Schumacher""",4,0,src/main/java/org/assertj/core/api/Assertions.java
1495572544," ""fix some javadoc errors reported by java 8 javadoc"""," ""Pascal Schumacher""",1,1,src/main/java/org/assertj/core/util/IterableUtil.java
1495400175," ""fix some javadoc errors reported by java 8 javadoc"""," ""Pascal Schumacher""",1,3,src/main/java/org/assertj/core/api/AbstractAssert.java
1495400175," ""fix some javadoc errors reported by java 8 javadoc"""," ""Pascal Schumacher""",6,6,src/main/java/org/assertj/core/api/AbstractCharSequenceAssert.java
1495400175," ""fix some javadoc errors reported by java 8 javadoc"""," ""Pascal Schumacher""",6,6,src/main/java/org/assertj/core/api/AbstractIntegerAssert.java
1495400175," ""fix some javadoc errors reported by java 8 javadoc"""," ""Pascal Schumacher""",24,25,src/main/java/org/assertj/core/api/AbstractIterableAssert.java
1495400175," ""fix some javadoc errors reported by java 8 javadoc"""," ""Pascal Schumacher""",3,3,src/main/java/org/assertj/core/api/AbstractListAssert.java
1495400175," ""fix some javadoc errors reported by java 8 javadoc"""," ""Pascal Schumacher""",14,6,src/main/java/org/assertj/core/api/AbstractObjectAssert.java
1495400175," ""fix some javadoc errors reported by java 8 javadoc"""," ""Pascal Schumacher""",15,16,src/main/java/org/assertj/core/api/Assertions.java
1495400175," ""fix some javadoc errors reported by java 8 javadoc"""," ""Pascal Schumacher""",3,3,src/main/java/org/assertj/core/api/Condition.java
1495400175," ""fix some javadoc errors reported by java 8 javadoc"""," ""Pascal Schumacher""",2,2,src/main/java/org/assertj/core/condition/Join.java
1495400175," ""fix some javadoc errors reported by java 8 javadoc"""," ""Pascal Schumacher""",1,1,src/main/java/org/assertj/core/description/TextDescription.java
1495400175," ""fix some javadoc errors reported by java 8 javadoc"""," ""Pascal Schumacher""",1,1,src/main/java/org/assertj/core/error/BasicErrorMessageFactory.java
1495400175," ""fix some javadoc errors reported by java 8 javadoc"""," ""Pascal Schumacher""",4,4,src/main/java/org/assertj/core/error/ShouldBeBetween.java
1495400175," ""fix some javadoc errors reported by java 8 javadoc"""," ""Pascal Schumacher""",1,1,src/main/java/org/assertj/core/groups/Properties.java
1495400175," ""fix some javadoc errors reported by java 8 javadoc"""," ""Pascal Schumacher""",1,1,src/main/java/org/assertj/core/internal/ComparatorBasedComparisonStrategy.java
1495400175," ""fix some javadoc errors reported by java 8 javadoc"""," ""Pascal Schumacher""",2,2,src/main/java/org/assertj/core/internal/Failures.java
1495400175," ""fix some javadoc errors reported by java 8 javadoc"""," ""Pascal Schumacher""",1,1,src/main/java/org/assertj/core/internal/Iterables.java
1495400175," ""fix some javadoc errors reported by java 8 javadoc"""," ""Pascal Schumacher""",3,3,src/main/java/org/assertj/core/internal/Lists.java
1495400175," ""fix some javadoc errors reported by java 8 javadoc"""," ""Pascal Schumacher""",1,1,src/main/java/org/assertj/core/internal/StandardComparisonStrategy.java
1495400175," ""fix some javadoc errors reported by java 8 javadoc"""," ""Pascal Schumacher""",0,2,src/main/java/org/assertj/core/util/DateUtil.java
1495400175," ""fix some javadoc errors reported by java 8 javadoc"""," ""Pascal Schumacher""",2,2,src/main/java/org/assertj/core/util/Throwables.java
1495334689," ""Merge remotetracking branch origin2x Conflicts	pomxml"""," ""Joel Costigliola""",3,0,src/main/java/org/assertj/core/api/AbstractCharSequenceAssert.java
1495334049," ""Improve isEqualToIgnoringWhitespace javadoc"""," ""Joel Costigliola""",3,0,src/main/java/org/assertj/core/api/AbstractCharSequenceAssert.java
1495254206," ""Merge remotetracking branch origin2x Conflicts	pomxml"""," ""Joel Costigliola""",19,15,src/main/java/org/assertj/core/api/AbstractCharSequenceAssert.java
1495254009," ""Improve isEqualToNormalizingWhitespace and isEqualToIgnoringWhitespace javadoc"""," ""Joel Costigliola""",19,15,src/main/java/org/assertj/core/api/AbstractCharSequenceAssert.java
1495008822," ""Add isBetween and isStrictlyBetween to Instant LocalDate LocalDateTime LocalTime OffsetTime OffsetDateTime and ZonedDateTime assertions"""," ""Joel Costigliola""",1,1,src/main/java/org/assertj/core/internal/Comparables.java
1494719870," ""Merge remotetracking branch origin2x Conflicts	pomxml"""," ""Joel Costigliola""",14,8,src/main/java/org/assertj/core/internal/Numbers.java
1494714322," ""Fix bugs in NumbersassertIsCloseToPercentage assertIsNotCloseToPercentage and assertIsNotCloseTo related to FloatDoubleNaN POSITIVEINFINITY and NEGATIVEINFINITY 984"""," ""Pascal Schumacher""",14,8,src/main/java/org/assertj/core/internal/Numbers.java
1494714241," ""Reorganize imports  code formatting reverted from commit e597531ed606b586a18114128dfe7614183ef20e"""," ""Joel Costigliola""",8,14,src/main/java/org/assertj/core/internal/Numbers.java
1494662653," ""Reorganize imports  code formatting"""," ""Pascal Schumacher""",14,8,src/main/java/org/assertj/core/internal/Numbers.java
1494262435," ""Merge branch 2x Conflicts	pomxml"""," ""Pascal Schumacher""",73,20,src/main/java/org/assertj/core/api/AbstractCharSequenceAssert.java
1494262435," ""Merge branch 2x Conflicts	pomxml"""," ""Pascal Schumacher""",55,5,src/main/java/org/assertj/core/internal/Strings.java
