Class,LOC,Wheighted Method Count
org/assertj/core/api/AbstractArrayAssert,7,1
org/assertj/core/api/AbstractAssert,199,99
org/assertj/core/api/AbstractAtomicFieldUpdaterAssert,19,8
org/assertj/core/api/AbstractAtomicReferenceAssert,14,4
org/assertj/core/api/AbstractBDDSoftAssertions,116,22
org/assertj/core/api/AbstractBigDecimalAssert,90,36
org/assertj/core/api/AbstractBigIntegerAssert,90,36
org/assertj/core/api/AbstractBooleanArrayAssert,105,31
org/assertj/core/api/AbstractBooleanAssert,27,7
org/assertj/core/api/AbstractByteArrayAssert,139,44
org/assertj/core/api/AbstractByteAssert,112,43
org/assertj/core/api/AbstractCharacterAssert,49,14
org/assertj/core/api/AbstractCharArrayAssert,102,32
org/assertj/core/api/AbstractCharSequenceAssert,176,58
org/assertj/core/api/AbstractClassAssert,50,20
org/assertj/core/api/AbstractComparableAssert,59,25
org/assertj/core/api/AbstractCompletableFutureAssert,56,33
org/assertj/core/api/AbstractDateAssert$1,13,3
org/assertj/core/api/AbstractDateAssert,313,102
org/assertj/core/api/AbstractDoubleArrayAssert,134,44
org/assertj/core/api/AbstractDoubleAssert,118,61
org/assertj/core/api/AbstractEnumerableAssert,18,7
org/assertj/core/api/AbstractFileAssert,84,22
org/assertj/core/api/AbstractFloatArrayAssert,133,44
org/assertj/core/api/AbstractFloatAssert,120,61
org/assertj/core/api/AbstractFutureAssert,20,5
org/assertj/core/api/AbstractInputStreamAssert,14,3
org/assertj/core/api/AbstractInstantAssert,82,32
org/assertj/core/api/AbstractIntArrayAssert,99,31
org/assertj/core/api/AbstractIntegerAssert,111,43
org/assertj/core/api/AbstractIterableAssert,430,250
org/assertj/core/api/AbstractIterableSizeAssert,7,2
org/assertj/core/api/AbstractListAssert,165,81
org/assertj/core/api/AbstractLocalDateAssert,61,33
org/assertj/core/api/AbstractLocalDateTimeAssert,84,56
org/assertj/core/api/AbstractLocalTimeAssert,74,45
org/assertj/core/api/AbstractLongArrayAssert,99,31
org/assertj/core/api/AbstractLongAssert,112,43
org/assertj/core/api/AbstractMapAssert,268,106
org/assertj/core/api/AbstractMapSizeAssert,7,2
org/assertj/core/api/AbstractObjectArrayAssert,314,171
org/assertj/core/api/AbstractObjectAssert,58,22
org/assertj/core/api/AbstractOffsetDateTimeAssert,89,64
org/assertj/core/api/AbstractOffsetTimeAssert,85,57
org/assertj/core/api/AbstractOptionalAssert,52,27
org/assertj/core/api/AbstractOptionalDoubleAssert,35,13
org/assertj/core/api/AbstractOptionalIntAssert,29,10
org/assertj/core/api/AbstractOptionalLongAssert,28,10
org/assertj/core/api/AbstractPathAssert,110,29
org/assertj/core/api/AbstractPredicateAssert,22,9
org/assertj/core/api/AbstractPredicateLikeAssert,18,7
org/assertj/core/api/AbstractShortArrayAssert,99,31
org/assertj/core/api/AbstractShortAssert,111,43
org/assertj/core/api/AbstractSoftAssertions,54,29
org/assertj/core/api/AbstractStandardSoftAssertions,117,22
org/assertj/core/api/AbstractTemporalAssert,23,6
org/assertj/core/api/AbstractThrowableAssert,71,20
org/assertj/core/api/AbstractUriAssert,65,19
org/assertj/core/api/AbstractUrlAssert,62,19
org/assertj/core/api/AbstractZonedDateTimeAssert,112,64
org/assertj/core/api/ArraySortedAssert,5,2
org/assertj/core/api/Assert,12,30
org/assertj/core/api/AssertDelegateTarget,3,0
org/assertj/core/api/AssertFactory,5,1
org/assertj/core/api/AssertionInfo,5,3
org/assertj/core/api/Assertions,304,162
org/assertj/core/api/AssertionsForClassTypes,174,104
org/assertj/core/api/AssertionsForInterfaceTypes,32,22
org/assertj/core/api/AssertProvider,5,1
org/assertj/core/api/AtomicBooleanAssert,24,7
org/assertj/core/api/AtomicIntegerArrayAssert,112,31
org/assertj/core/api/AtomicIntegerAssert,54,20
org/assertj/core/api/AtomicIntegerFieldUpdaterAssert,24,5
org/assertj/core/api/AtomicLongArrayAssert,112,31
org/assertj/core/api/AtomicLongAssert,54,20
org/assertj/core/api/AtomicLongFieldUpdaterAssert,24,5
org/assertj/core/api/AtomicMarkableReferenceAssert,21,8
org/assertj/core/api/AtomicReferenceArrayAssert,328,166
org/assertj/core/api/AtomicReferenceAssert,17,5
org/assertj/core/api/AtomicReferenceFieldUpdaterAssert,22,4
org/assertj/core/api/AtomicStampedReferenceAssert,20,6
org/assertj/core/api/AutoCloseableBDDSoftAssertions,10,2
org/assertj/core/api/AutoCloseableSoftAssertions,10,2
org/assertj/core/api/BDDAssertions,176,85
org/assertj/core/api/BDDSoftAssertions,13,3
org/assertj/core/api/BigDecimalAssert,7,1
org/assertj/core/api/BigIntegerAssert,7,1
org/assertj/core/api/BooleanArrayAssert,7,1
org/assertj/core/api/BooleanAssert,14,3
org/assertj/core/api/ByteArrayAssert,7,1
org/assertj/core/api/ByteAssert,7,1
org/assertj/core/api/CharacterAssert,7,1
org/assertj/core/api/CharArrayAssert,7,1
org/assertj/core/api/CharSequenceAssert,7,1
org/assertj/core/api/ClassAssert,11,3
org/assertj/core/api/ClassBasedNavigableIterableAssert,22,7
org/assertj/core/api/ClassBasedNavigableListAssert,30,7
org/assertj/core/api/ComparableAssert,7,8
org/assertj/core/api/ComparatorFactory$1,23,6
org/assertj/core/api/ComparatorFactory$2,24,6
org/assertj/core/api/ComparatorFactory,17,4
org/assertj/core/api/CompletableFutureAssert,7,1
org/assertj/core/api/Condition,35,16
org/assertj/core/api/DateAssert,7,1
org/assertj/core/api/Descriptable,6,4
org/assertj/core/api/DoubleArrayAssert,7,1
org/assertj/core/api/DoubleAssert,10,2
org/assertj/core/api/DoublePredicateAssert,22,7
org/assertj/core/api/EnumerableAssert,14,8
org/assertj/core/api/ErrorCollector$LastResult,36,14
org/assertj/core/api/exception/PathsException,9,1
org/assertj/core/api/exception/RuntimeIOException,13,2
org/assertj/core/api/ExtensionPoints,5,4
org/assertj/core/api/FactoryBasedNavigableIterableAssert,8,2
org/assertj/core/api/FactoryBasedNavigableListAssert,8,2
org/assertj/core/api/Fail,17,7
org/assertj/core/api/FileAssert,7,1
org/assertj/core/api/filter/FilterOperator,12,3
org/assertj/core/api/filter/Filters,40,34
org/assertj/core/api/filter/InFilter,11,3
org/assertj/core/api/filter/NotFilter,16,5
org/assertj/core/api/filter/NotInFilter,11,4
org/assertj/core/api/FloatArrayAssert,7,1
org/assertj/core/api/FloatAssert,10,2
org/assertj/core/api/FloatingPointNumberAssert,7,7
org/assertj/core/api/FutureAssert,7,1
org/assertj/core/api/GenericComparableAssert,7,1
org/assertj/core/api/HamcrestCondition,11,3
org/assertj/core/api/IndexedObjectEnumerableAssert,6,2
org/assertj/core/api/InputStreamAssert,7,1
org/assertj/core/api/InstantAssert,7,1
org/assertj/core/api/IntArrayAssert,11,2
org/assertj/core/api/IntegerAssert,14,3
org/assertj/core/api/IntPredicateAssert,22,7
org/assertj/core/api/iterable/Extractor,5,1
org/assertj/core/api/iterable/ThrowingExtractor,10,3
org/assertj/core/api/IterableAssert$LazyIterable,21,6
org/assertj/core/api/IterableAssert,116,73
org/assertj/core/api/IterableSizeAssert,12,2
org/assertj/core/api/Java6AbstractBDDSoftAssertions,238,58
org/assertj/core/api/Java6AbstractStandardSoftAssertions,239,58
org/assertj/core/api/Java6Assertions,163,127
org/assertj/core/api/Java6BDDAssertions,75,64
org/assertj/core/api/Java6BDDSoftAssertions,13,3
org/assertj/core/api/Java6JUnitBDDSoftAssertions$1,13,2
org/assertj/core/api/Java6JUnitBDDSoftAssertions,15,3
org/assertj/core/api/Java6JUnitSoftAssertions$1,13,2
org/assertj/core/api/Java6JUnitSoftAssertions,13,2
org/assertj/core/api/Java6SoftAssertions,13,3
org/assertj/core/api/JUnitBDDSoftAssertions$1,13,2
org/assertj/core/api/JUnitBDDSoftAssertions,15,3
org/assertj/core/api/JUnitSoftAssertions$1,13,2
org/assertj/core/api/JUnitSoftAssertions,13,2
org/assertj/core/api/ListAssert$ListFromStream,20,7
org/assertj/core/api/ListAssert,114,78
org/assertj/core/api/LocalDateAssert,7,1
org/assertj/core/api/LocalDateTimeAssert,7,1
org/assertj/core/api/LocalTimeAssert,7,1
org/assertj/core/api/LongArrayAssert,11,2
org/assertj/core/api/LongAssert,14,3
org/assertj/core/api/LongPredicateAssert,22,7
org/assertj/core/api/MapAssert,46,19
org/assertj/core/api/MapSizeAssert,12,2
org/assertj/core/api/NumberAssert,10,13
org/assertj/core/api/ObjectArrayAssert,12,2
org/assertj/core/api/ObjectAssert,12,3
org/assertj/core/api/ObjectAssertFactory,10,3
org/assertj/core/api/ObjectEnumerableAssert,30,51
org/assertj/core/api/OffsetDateTimeAssert,7,1
org/assertj/core/api/OffsetTimeAssert,7,1
org/assertj/core/api/OptionalAssert,7,1
org/assertj/core/api/OptionalDoubleAssert,7,1
org/assertj/core/api/OptionalIntAssert,7,1
org/assertj/core/api/OptionalLongAssert,7,1
org/assertj/core/api/PathAssert,7,1
org/assertj/core/api/PredicateAssert,15,5
org/assertj/core/api/ShortArrayAssert,7,1
org/assertj/core/api/ShortAssert,7,1
org/assertj/core/api/SoftAssertionClassAssert,7,1
org/assertj/core/api/SoftAssertionError,30,6
org/assertj/core/api/SoftAssertionIterableAssert,13,3
org/assertj/core/api/SoftAssertionListAssert,10,2
org/assertj/core/api/SoftAssertionMapAssert,7,1
org/assertj/core/api/SoftAssertionPredicateAssert,7,1
org/assertj/core/api/SoftAssertions,18,4
org/assertj/core/api/StringAssert,7,1
org/assertj/core/api/ThrowableAssert$ThrowingCallable,7,1
org/assertj/core/api/ThrowableAssert,19,6
org/assertj/core/api/ThrowableAssertAlternative,49,18
org/assertj/core/api/ThrowableTypeAssert,35,10
org/assertj/core/api/UriAssert,7,1
org/assertj/core/api/UrlAssert,7,1
org/assertj/core/api/WithAssertions,215,161
org/assertj/core/api/WithAssumptions,215,78
org/assertj/core/api/WritableAssertionInfo,46,21
org/assertj/core/api/ZonedDateTimeAssert,7,1
org/assertj/core/condition/AllOf,21,8
org/assertj/core/condition/AnyOf,21,8
org/assertj/core/condition/DoesNotHave,10,3
org/assertj/core/condition/Join,20,9
org/assertj/core/condition/Negative,14,3
org/assertj/core/condition/Not,10,3
org/assertj/core/configuration/ConfigurationProvider,11,3
org/assertj/core/configuration/Services,18,4
org/assertj/core/data/Index,21,10
org/assertj/core/data/MapEntry,28,11
org/assertj/core/data/Offset,24,9
org/assertj/core/data/Percentage,28,12
org/assertj/core/data/TemporalOffset,5,2
org/assertj/core/data/TemporalUnitLessThanOffset,19,4
org/assertj/core/data/TemporalUnitOffset,26,7
org/assertj/core/data/TemporalUnitWithinOffset,18,4
org/assertj/core/description/Description,22,9
org/assertj/core/description/EmptyTextDescription,10,3
org/assertj/core/description/TextDescription,22,11
org/assertj/core/error/AbstractShouldHaveTextContent,22,4
org/assertj/core/error/AssertionErrorFactory,3,1
org/assertj/core/error/BasicErrorMessageFactory$UnquotedString,23,15
org/assertj/core/error/BasicErrorMessageFactory,28,12
org/assertj/core/error/ClassModifierShouldBe,20,6
org/assertj/core/error/ConditionAndGroupGenericParameterTypeShouldBeTheSame,12,2
org/assertj/core/error/ConstructorInvoker$SetAccessibleValueAction,20,4
org/assertj/core/error/ConstructorInvoker,25,4
org/assertj/core/error/DescriptionFormatter,18,6
org/assertj/core/error/ElementsShouldBe,9,2
org/assertj/core/error/ElementsShouldBeAtLeast,10,2
org/assertj/core/error/ElementsShouldBeAtMost,10,2
org/assertj/core/error/ElementsShouldBeExactly,10,2
org/assertj/core/error/ElementsShouldHave,9,2
org/assertj/core/error/ElementsShouldHaveAtLeast,10,2
org/assertj/core/error/ElementsShouldHaveAtMost,10,2
org/assertj/core/error/ElementsShouldHaveExactly,10,2
org/assertj/core/error/ElementsShouldMatch,13,4
org/assertj/core/error/ElementsShouldNotBe,9,2
org/assertj/core/error/ElementsShouldNotHave,9,2
org/assertj/core/error/ElementsShouldSatisfy,9,4
org/assertj/core/error/ErrorMessageFactory,3,3
org/assertj/core/error/future/ShouldBeCancelled,9,2
org/assertj/core/error/future/ShouldBeCompleted,9,2
org/assertj/core/error/future/ShouldBeCompletedExceptionally,9,2
org/assertj/core/error/future/ShouldBeDone,9,2
org/assertj/core/error/future/ShouldHaveFailed,9,2
org/assertj/core/error/future/ShouldNotBeCancelled,9,2
org/assertj/core/error/future/ShouldNotBeCompleted,9,2
org/assertj/core/error/future/ShouldNotBeCompletedExceptionally,9,2
org/assertj/core/error/future/ShouldNotBeDone,9,2
org/assertj/core/error/future/ShouldNotHaveFailed,9,2
org/assertj/core/error/MessageFormatter,26,8
org/assertj/core/error/NoElementsShouldMatch,9,2
org/assertj/core/error/OptionalDoubleShouldHaveValueCloseTo,18,4
org/assertj/core/error/OptionalShouldBeEmpty,27,5
org/assertj/core/error/OptionalShouldBePresent,14,2
org/assertj/core/error/OptionalShouldContain,29,13
org/assertj/core/error/OptionalShouldContainInstanceOf,20,3
org/assertj/core/error/ShouldAccept,10,2
org/assertj/core/error/ShouldBe,15,2
org/assertj/core/error/ShouldBeAbsolutePath,11,4
org/assertj/core/error/ShouldBeAfter,26,4
org/assertj/core/error/ShouldBeAfterOrEqualsTo,16,3
org/assertj/core/error/ShouldBeAfterYear,17,3
org/assertj/core/error/ShouldBeAnArray,11,2
org/assertj/core/error/ShouldBeAnnotation,21,4
org/assertj/core/error/ShouldBeAssignableFrom,9,2
org/assertj/core/error/ShouldBeAtIndex,10,2
org/assertj/core/error/ShouldBeBefore,16,3
org/assertj/core/error/ShouldBeBeforeOrEqualsTo,16,3
org/assertj/core/error/ShouldBeBeforeYear,17,3
org/assertj/core/error/ShouldBeBetween,24,10
org/assertj/core/error/ShouldBeBlank,12,2
org/assertj/core/error/ShouldBeCanonicalPath,9,2
org/assertj/core/error/ShouldBeCloseTo,25,4
org/assertj/core/error/ShouldBeDirectory,13,4
org/assertj/core/error/ShouldBeEmpty,12,2
org/assertj/core/error/ShouldBeEqual,46,31
org/assertj/core/error/ShouldBeEqualByComparingFieldByFieldRecursively,31,6
org/assertj/core/error/ShouldBeEqualByComparingOnlyGivenFields,13,4
org/assertj/core/error/ShouldBeEqualIgnoringCase,15,2
org/assertj/core/error/ShouldBeEqualIgnoringHours,14,2
org/assertj/core/error/ShouldBeEqualIgnoringMinutes,32,6
org/assertj/core/error/ShouldBeEqualIgnoringNanos,31,6
org/assertj/core/error/ShouldBeEqualIgnoringNewLineDifferences,13,2
org/assertj/core/error/ShouldBeEqualIgnoringSeconds,32,6
org/assertj/core/error/ShouldBeEqualIgnoringTimezone,18,3
org/assertj/core/error/ShouldBeEqualIgnoringWhitespace,14,2
org/assertj/core/error/ShouldBeEqualNormalizingWhitespace,14,2
org/assertj/core/error/ShouldBeEqualToIgnoringFields,21,8
org/assertj/core/error/ShouldBeEqualWithinOffset,10,2
org/assertj/core/error/ShouldBeEqualWithinPercentage,14,2
org/assertj/core/error/ShouldBeEqualWithTimePrecision,21,7
org/assertj/core/error/ShouldBeExactlyInstanceOf,13,4
org/assertj/core/error/ShouldBeExecutable,16,4
org/assertj/core/error/ShouldBeFile,11,2
org/assertj/core/error/ShouldBeGreater,14,3
org/assertj/core/error/ShouldBeGreaterOrEqual,14,3
org/assertj/core/error/ShouldBeIn,17,3
org/assertj/core/error/ShouldBeInSameDay,14,2
org/assertj/core/error/ShouldBeInSameHour,14,2
org/assertj/core/error/ShouldBeInSameHourWindow,19,2
org/assertj/core/error/ShouldBeInSameMinute,14,2
org/assertj/core/error/ShouldBeInSameMinuteWindow,19,2
org/assertj/core/error/ShouldBeInSameMonth,14,2
org/assertj/core/error/ShouldBeInSameSecond,14,2
org/assertj/core/error/ShouldBeInSameSecondWindow,19,2
org/assertj/core/error/ShouldBeInSameYear,14,2
org/assertj/core/error/ShouldBeInstance,18,6
org/assertj/core/error/ShouldBeInstanceOfAny,13,4
org/assertj/core/error/ShouldBeInterface,21,4
org/assertj/core/error/ShouldBeInTheFuture,16,3
org/assertj/core/error/ShouldBeInThePast,16,3
org/assertj/core/error/ShouldBeLess,14,3
org/assertj/core/error/ShouldBeLessOrEqual,14,3
org/assertj/core/error/ShouldBeLowerCase,11,2
org/assertj/core/error/ShouldBeMarked,16,4
org/assertj/core/error/ShouldBeNormalized,10,2
org/assertj/core/error/ShouldBeNullOrEmpty,11,2
org/assertj/core/error/ShouldBeOfClassIn,15,2
org/assertj/core/error/ShouldBeReadable,16,4
org/assertj/core/error/ShouldBeRegularFile,9,2
org/assertj/core/error/ShouldBeRelativePath,11,4
org/assertj/core/error/ShouldBeSame,14,2
org/assertj/core/error/ShouldBeSorted,29,8
org/assertj/core/error/ShouldBeSubsetOf,11,3
org/assertj/core/error/ShouldBeSubstring,11,2
org/assertj/core/error/ShouldBeSymbolicLink,9,2
org/assertj/core/error/ShouldBeToday,23,5
org/assertj/core/error/ShouldBeUpperCase,11,2
org/assertj/core/error/ShouldBeWritable,16,4
org/assertj/core/error/ShouldContain,19,3
org/assertj/core/error/ShouldContainAnyOf,13,3
org/assertj/core/error/ShouldContainAtIndex,14,3
org/assertj/core/error/ShouldContainCharSequence,25,7
org/assertj/core/error/ShouldContainCharSequenceOnlyOnce,17,6
org/assertj/core/error/ShouldContainCharSequenceSequence,15,3
org/assertj/core/error/ShouldContainEntry,14,4
org/assertj/core/error/ShouldContainExactly,42,14
org/assertj/core/error/ShouldContainExactlyInAnyOrder$ErrorType,12,4
org/assertj/core/error/ShouldContainExactlyInAnyOrder,19,6
org/assertj/core/error/ShouldContainKey,12,2
org/assertj/core/error/ShouldContainKeys,13,4
org/assertj/core/error/ShouldContainNull,11,2
org/assertj/core/error/ShouldContainOnly$ErrorType,12,4
org/assertj/core/error/ShouldContainOnly,21,7
org/assertj/core/error/ShouldContainOnlyDigits,18,4
org/assertj/core/error/ShouldContainOnlyKeys,13,5
org/assertj/core/error/ShouldContainOnlyNulls$ErrorType,12,4
org/assertj/core/error/ShouldContainOnlyNulls,27,8
org/assertj/core/error/ShouldContainPattern,14,2
org/assertj/core/error/ShouldContainSequence,16,3
org/assertj/core/error/ShouldContainsOnlyOnce,16,8
org/assertj/core/error/ShouldContainSubsequence,16,3
org/assertj/core/error/ShouldContainValue,24,4
org/assertj/core/error/ShouldContainValues,12,3
org/assertj/core/error/ShouldEndWith,17,3
org/assertj/core/error/ShouldEndWithPath,13,2
org/assertj/core/error/ShouldExist,17,6
org/assertj/core/error/ShouldHave,15,2
org/assertj/core/error/ShouldHaveAnnotations,9,2
org/assertj/core/error/ShouldHaveAtIndex,10,2
org/assertj/core/error/ShouldHaveAtLeastOneElementOfType,13,2
org/assertj/core/error/ShouldHaveBinaryContent,24,4
org/assertj/core/error/ShouldHaveCause,24,9
org/assertj/core/error/ShouldHaveCauseExactlyInstance,11,4
org/assertj/core/error/ShouldHaveCauseInstance,11,4
org/assertj/core/error/ShouldHaveContent,11,4
org/assertj/core/error/ShouldHaveDateField,13,2
org/assertj/core/error/ShouldHaveExtension,15,4
org/assertj/core/error/ShouldHaveFields,16,4
org/assertj/core/error/ShouldHaveLineCount,14,2
org/assertj/core/error/ShouldHaveMessage,16,2
org/assertj/core/error/ShouldHaveMessageMatchingRegex,10,2
org/assertj/core/error/ShouldHaveMethods,22,12
org/assertj/core/error/ShouldHaveName,19,4
org/assertj/core/error/ShouldHaveNoCause,12,2
org/assertj/core/error/ShouldHaveNoFields,18,7
org/assertj/core/error/ShouldHaveNoNullFields,21,8
org/assertj/core/error/ShouldHaveNoParent,15,4
org/assertj/core/error/ShouldHaveNoSuppressedExceptions,11,2
org/assertj/core/error/ShouldHaveOnlyElementsOfType,9,2
org/assertj/core/error/ShouldHaveParent,23,9
org/assertj/core/error/ShouldHavePropertyOrField,14,2
org/assertj/core/error/ShouldHavePropertyOrFieldWithValue,11,2
org/assertj/core/error/ShouldHaveReference,11,2
org/assertj/core/error/ShouldHaveRootCauseExactlyInstance,11,4
org/assertj/core/error/ShouldHaveRootCauseInstance,11,4
org/assertj/core/error/ShouldHaveSameClass,14,2
org/assertj/core/error/ShouldHaveSameContent,13,6
org/assertj/core/error/ShouldHaveSameHashCode,15,2
org/assertj/core/error/ShouldHaveSameHourAs,14,2
org/assertj/core/error/ShouldHaveSameSizeAs,12,2
org/assertj/core/error/ShouldHaveSameTime,15,2
org/assertj/core/error/ShouldHaveSize,14,2
org/assertj/core/error/ShouldHaveStamp,18,2
org/assertj/core/error/ShouldHaveSuppressedException,19,2
org/assertj/core/error/ShouldHaveTime,16,2
org/assertj/core/error/ShouldHaveToString,14,2
org/assertj/core/error/ShouldHaveValue,20,4
org/assertj/core/error/ShouldMatch,19,4
org/assertj/core/error/ShouldMatchPattern,14,2
org/assertj/core/error/ShouldNotAccept,10,2
org/assertj/core/error/ShouldNotBe,14,2
org/assertj/core/error/ShouldNotBeBetween,18,5
org/assertj/core/error/ShouldNotBeBlank,11,2
org/assertj/core/error/ShouldNotBeEmpty,10,3
org/assertj/core/error/ShouldNotBeEqual,16,3
org/assertj/core/error/ShouldNotBeEqualIgnoringCase,14,2
org/assertj/core/error/ShouldNotBeEqualIgnoringWhitespace,14,2
org/assertj/core/error/ShouldNotBeEqualNormalizingWhitespace,14,2
org/assertj/core/error/ShouldNotBeEqualWithinOffset,9,2
org/assertj/core/error/ShouldNotBeEqualWithinPercentage,14,2
org/assertj/core/error/ShouldNotBeExactlyInstanceOf,14,4
org/assertj/core/error/ShouldNotBeIn,17,3
org/assertj/core/error/ShouldNotBeInstance,14,4
org/assertj/core/error/ShouldNotBeInstanceOfAny,14,4
org/assertj/core/error/ShouldNotBeNull,10,3
org/assertj/core/error/ShouldNotBeOfClassIn,15,2
org/assertj/core/error/ShouldNotBeSame,11,2
org/assertj/core/error/ShouldNotContain,13,3
org/assertj/core/error/ShouldNotContainAtIndex,14,3
org/assertj/core/error/ShouldNotContainCharSequence,12,3
org/assertj/core/error/ShouldNotContainKey,14,2
org/assertj/core/error/ShouldNotContainKeys,12,3
org/assertj/core/error/ShouldNotContainNull,11,2
org/assertj/core/error/ShouldNotContainPattern,13,2
org/assertj/core/error/ShouldNotContainSequence,14,3
org/assertj/core/error/ShouldNotContainSubsequence,13,3
org/assertj/core/error/ShouldNotContainValue,14,2
org/assertj/core/error/ShouldNotEndWith,16,3
org/assertj/core/error/ShouldNotExist,16,7
org/assertj/core/error/ShouldNotHave,15,2
org/assertj/core/error/ShouldNotHaveAnyElementsOfTypes,7,2
org/assertj/core/error/ShouldNotHaveDuplicates,17,3
org/assertj/core/error/ShouldNotHaveSameClass,15,2
org/assertj/core/error/ShouldNotHaveThrown,13,2
org/assertj/core/error/ShouldNotMatch,18,4
org/assertj/core/error/ShouldNotMatchPattern,14,2
org/assertj/core/error/ShouldNotStartWith,16,3
org/assertj/core/error/ShouldOnlyHaveElementsOfTypes,25,7
org/assertj/core/error/ShouldOnlyHaveFields$ErrorType,12,4
org/assertj/core/error/ShouldOnlyHaveFields,24,10
org/assertj/core/error/ShouldStartWith,16,3
org/assertj/core/error/ShouldStartWithPath,12,2
org/assertj/core/error/uri/ShouldHaveAnchor,13,4
org/assertj/core/error/uri/ShouldHaveAuthority,20,4
org/assertj/core/error/uri/ShouldHaveFragment,15,4
org/assertj/core/error/uri/ShouldHaveHost,20,4
org/assertj/core/error/uri/ShouldHaveParameter,24,24
org/assertj/core/error/uri/ShouldHavePath,21,8
org/assertj/core/error/uri/ShouldHavePort,20,8
org/assertj/core/error/uri/ShouldHaveProtocol,14,2
org/assertj/core/error/uri/ShouldHaveQuery,20,8
org/assertj/core/error/uri/ShouldHaveScheme,15,2
org/assertj/core/error/uri/ShouldHaveUserInfo,19,8
org/assertj/core/extractor/ByNameMultipleExtractor,22,10
org/assertj/core/extractor/ByNameSingleExtractor,19,6
org/assertj/core/extractor/Extractors,23,7
org/assertj/core/extractor/ResultOfExtractor,12,2
org/assertj/core/extractor/ToStringExtractor,9,3
org/assertj/core/groups/FieldsOrPropertiesExtractor,22,6
org/assertj/core/groups/Properties,24,8
org/assertj/core/groups/Tuple,20,10
org/assertj/core/internal/AbstractComparisonStrategy,28,18
org/assertj/core/internal/Arrays,316,190
org/assertj/core/internal/AtomicReferenceArrayElementComparisonStrategy,25,16
org/assertj/core/internal/BigDecimals,22,13
org/assertj/core/internal/BigIntegers,22,13
org/assertj/core/internal/BinaryDiff,31,12
org/assertj/core/internal/BinaryDiffResult,22,6
org/assertj/core/internal/BooleanArrays,67,26
org/assertj/core/internal/Booleans,29,8
org/assertj/core/internal/ByteArrays,87,42
org/assertj/core/internal/Bytes,24,13
org/assertj/core/internal/Characters,20,8
org/assertj/core/internal/CharArrays,73,28
org/assertj/core/internal/Classes,157,87
org/assertj/core/internal/CommonErrors,20,7
org/assertj/core/internal/CommonValidations,60,37
org/assertj/core/internal/Comparables,59,44
org/assertj/core/internal/ComparatorBasedComparisonStrategy,54,39
org/assertj/core/internal/ComparisonStrategy,12,14
org/assertj/core/internal/Conditions,33,13
org/assertj/core/internal/Dates,156,112
org/assertj/core/internal/DeepDifference$Difference,17,5
org/assertj/core/internal/DeepDifference$DualKey,27,14
org/assertj/core/internal/DeepDifference,184,116
org/assertj/core/internal/Diff,51,12
org/assertj/core/internal/DoubleArrays,73,28
org/assertj/core/internal/Doubles,19,12
org/assertj/core/internal/ErrorMessages,42,32
org/assertj/core/internal/ExtendedByTypesComparator$1,12,4
org/assertj/core/internal/ExtendedByTypesComparator,34,13
org/assertj/core/internal/Failures,55,21
org/assertj/core/internal/FieldByFieldComparator,17,11
org/assertj/core/internal/Files,107,44
org/assertj/core/internal/FloatArrays,73,28
org/assertj/core/internal/Floats,20,12
org/assertj/core/internal/Futures,26,12
org/assertj/core/internal/IgnoringFieldsComparator,19,6
org/assertj/core/internal/InputStreams,24,7
org/assertj/core/internal/InputStreamsException,13,2
org/assertj/core/internal/IntArrays,73,28
org/assertj/core/internal/Integers,24,13
org/assertj/core/internal/IterableDiff,18,12
org/assertj/core/internal/IterableElementComparisonStrategy,25,16
org/assertj/core/internal/Iterables,239,179
org/assertj/core/internal/Lists,63,34
org/assertj/core/internal/LongArrays,73,28
org/assertj/core/internal/Longs,24,13
org/assertj/core/internal/Maps,134,105
org/assertj/core/internal/NioFilesWrapper,19,11
org/assertj/core/internal/Numbers,90,31
org/assertj/core/internal/ObjectArrayElementComparisonStrategy,22,16
org/assertj/core/internal/ObjectArrays,153,62
org/assertj/core/internal/Objects$ByFieldsComparison,20,8
org/assertj/core/internal/Objects,210,119
org/assertj/core/internal/OnFieldsComparator,28,11
org/assertj/core/internal/Paths,98,68
org/assertj/core/internal/Predicates,14,4
org/assertj/core/internal/RealNumbers,41,8
org/assertj/core/internal/RecursiveFieldByFieldComparator,21,14
org/assertj/core/internal/ShortArrays,72,28
org/assertj/core/internal/Shorts,24,13
org/assertj/core/internal/StandardComparisonStrategy$1,14,4
org/assertj/core/internal/StandardComparisonStrategy,34,28
org/assertj/core/internal/Strings$Whitespace,18,4
org/assertj/core/internal/Strings,201,148
org/assertj/core/internal/Throwables,85,46
org/assertj/core/internal/TypeComparators,29,15
org/assertj/core/internal/Uris,62,40
org/assertj/core/internal/Urls,64,32
org/assertj/core/matcher/AssertionMatcher,21,6
org/assertj/core/presentation/BinaryRepresentation,63,25
org/assertj/core/presentation/HexadecimalRepresentation,51,24
org/assertj/core/presentation/NumberGrouping,29,10
org/assertj/core/presentation/PredicateDescription,18,8
org/assertj/core/presentation/Representation,5,2
org/assertj/core/presentation/StandardRepresentation,195,131
org/assertj/core/presentation/UnicodeRepresentation,28,11
org/assertj/core/util/AbstractComparableNumberComparator,13,4
org/assertj/core/util/Arrays,44,36
org/assertj/core/util/ArrayWrapperList,26,9
org/assertj/core/util/BigDecimalComparator,8,3
org/assertj/core/util/BigIntegerComparator,8,3
org/assertj/core/util/CheckReturnValue,5,0
org/assertj/core/util/Closeables,16,7
org/assertj/core/util/Compatibility$System,9,3
org/assertj/core/util/Compatibility,7,1
org/assertj/core/util/DateUtil,88,64
org/assertj/core/util/diff/ChangeDelta,26,7
org/assertj/core/util/diff/Chunk,31,19
org/assertj/core/util/diff/DeleteDelta,22,5
org/assertj/core/util/diff/Delta$TYPE,15,4
org/assertj/core/util/diff/Delta,36,23
org/assertj/core/util/diff/DeltaComparator,12,6
org/assertj/core/util/diff/DiffAlgorithm,4,1
org/assertj/core/util/diff/DiffUtils,114,50
org/assertj/core/util/diff/InsertDelta,23,6
org/assertj/core/util/diff/myers/DiffNode,11,3
org/assertj/core/util/diff/myers/Equalizer,4,1
org/assertj/core/util/diff/myers/MyersDiff$1,11,2
org/assertj/core/util/diff/myers/MyersDiff,63,35
org/assertj/core/util/diff/myers/PathNode,20,11
org/assertj/core/util/diff/myers/Snake,10,2
org/assertj/core/util/diff/Patch,19,5
org/assertj/core/util/DoubleComparator,37,22
org/assertj/core/util/FailureMessages,11,3
org/assertj/core/util/Files,149,55
org/assertj/core/util/FloatComparator,29,22
org/assertj/core/util/Hexadecimals,13,3
org/assertj/core/util/introspection/ClassUtils,24,10
org/assertj/core/util/introspection/FieldSupport,68,31
org/assertj/core/util/introspection/FieldUtils,38,18
org/assertj/core/util/introspection/Introspection,43,12
org/assertj/core/util/introspection/IntrospectionError,13,2
org/assertj/core/util/introspection/MemberUtils,16,13
org/assertj/core/util/introspection/MethodSupport,44,9
org/assertj/core/util/introspection/PropertyOrFieldSupport,52,20
org/assertj/core/util/introspection/PropertySupport,55,27
org/assertj/core/util/IterableUtil,33,20
org/assertj/core/util/Lists,27,11
org/assertj/core/util/Maps,21,4
org/assertj/core/util/NullSafeComparator,10,6
org/assertj/core/util/Objects,32,22
org/assertj/core/util/Preconditions,35,18
org/assertj/core/util/Sets,34,11
org/assertj/core/util/Strings$StringsToJoin,24,9
org/assertj/core/util/Strings$StringToAppend,15,3
org/assertj/core/util/Strings,29,17
org/assertj/core/util/TextFileWriter,31,11
org/assertj/core/util/Throwables,40,17
org/assertj/core/util/URLs,66,26
org/assertj/core/util/VisibleForTesting,3,0
org/assertj/core/util/xml/XmlStringPrettyFormatter,32,7
